Date,Source,HeadLine
12/12/62,ทันหุ้น,ยักษ์ไทยเมินซื้อTESCOไม่กระทบCPALL-BJC
06/12/62,ทันหุ้น,BJCจัดหมื่นล.รุกปีหน้าเคานต์ดาวน์สู่เทศกาลช็อป
02/12/62,ทันหุ้น,เจริญอู้ฟู่ปันผล3.7พันล.ชี้FPT-BJCอนาคตไกล
24/10/62,ทันหุ้น,คอลัมน์ รู้ทันการลงทุน บล.บัวหลวง: BJC : เป็นปีที่ดีอีกปี...
05/09/62,ทันหุ้น,BJCลุยสาขาใหม่ครึ่งปีหลังรอมาตรการรัฐกระตุ้นศก.
23/07/62,ทันหุ้น,6บจ.ไทยติดชาร์ตหุ้นค้าปลีกCPALLครองแชมป์อาเซียน
08/07/62,ทันหุ้น,'MAJOR'หนังเข้าใหม่ทำเงินรายได้โตตามเป้า-ยิลด์5.4%
24/06/62,ทันหุ้น,คอลัมน์ รู้ทันการลงทุน บล.บัวหลวง: BJC : BigC กลับมาเติบโตใน...
17/06/62,ทันหุ้น,PORTเข้าโหมดโตยั่งยืนกูรูชี้กำไรปีนี้แตะ147ล.
14/06/62,ทันหุ้น,BJCปิดดีลลูกค้ากระป๋องดันธุรกิจบรรจุภัณฑ์ฟื้นตัว
06/06/62,ทันหุ้น,BJCเร่งเปิดสาขาBIGCย้ำเป้าตัวเลขโต2หลักปิดดีลลูกค้ากระป๋อง
31/05/62,ทันหุ้น,คอลัมน์ ไม้นี้ต้องเคาะ: BJC
27/05/62,ทันหุ้น,คอลัมน์ KSecurities KS (W)hole in ONE: มีเรื่องให้ลุ้นก่อนจะ...
21/05/62,ทันหุ้น,คอลัมน์ KSecurities KS(W)hole in ONE: ปัจจัยรอบด้าน
17/05/62,ทันหุ้น,คอลัมน์ CLASSIC AUSIRIS: ทำความรู้จัก Single Stock Future...
03/05/62,ทันหุ้น,คอลัมน์ รู้ทันการลงทุน บล.บัวหลวง: BJC มีสตอรี่ให้ลงทุน โบรก...
02/05/62,ทันหุ้น,BJC-CPALLรับเต็มแจกเงินผ่านบัตรประชารัฐ1.3หมื่นล.
25/04/62,ทันหุ้น,BJCเปิด'บิ๊กซี'กัมพูชาQ3นี้รับทรัพย์ต่างแดนหนุนโต
01/04/62,ทันหุ้น,คอลัมน์ รู้ทันการลงทุน บล.บัวหลวง: BJC : หุ้นเติบโตแข็งแกร่ง...
01/04/62,ทันหุ้น,ตลาดหุ้นเม.ย.โฟลว์เข้าเปิดโผหุ้นเด็ดน่าครอง
14/03/62,ทันหุ้น,BJCพกสตอรี่เด่นทุกกลุ่มธุรกิจดันเทหมื่นล.อัพฐาน
08/03/62,ทันหุ้น,คอลัมน์ รู้ทันการลงทุน บล.บัวหลวง: ถึงเวลา BJC ตั้งราคา 60...
08/03/62,ทันหุ้น,BJCโดดเด่นเข้าตาโบรกยอดขายพุ่ง-เป้า73บาท
01/03/62,ทันหุ้น,คอลัมน์ รู้ทันการลงทุน บล.บัวหลวง: BJC งบ Q4 ดีกว่าคาด ส่อง...
13/02/62,ทันหุ้น,หวั่นค้าปลีกครึ่งปี62ไม่โตส่องกำไร2หุ้นCPALL-BJC
30/01/62,ทันหุ้น,ภาพข่าว: คอลัมน์ สังคมธุรกิจทันหุ้น: กิจกรรม
16/01/62,ทันหุ้น,ตรุษจีนช็อปคืนVATดันยอดคึก'MAKRO-CPALL-BJC'โดดเด่น
02/01/62,ทันหุ้น,ค้าปลีกแห่ชิงเงินรากหญ้าCPALLลุ้นรับบัตรประชารัฐ
19/12/61,ทันหุ้น,AEONTSสินเชื่อวิ่งอัดแคมเปญกระตุ้นยอดบุกหนักต่างประเทศ
12/12/61,ทันหุ้น,คสช.ปลดล็อกการเมืองใกล้เลือกตั้งลุยDomestic
03/12/61,ทันหุ้น,BJCรายได้ปีนี้โตเกิน9%รัฐกระตุ้นยอดขายทะลัก
23/11/61,ทันหุ้น,BJCยึดฐานกลุ่มCLMVดีลซื้อกิจการเสริมแกร่ง
06/11/61,ทันหุ้น,ค้าปลีกเด้งเข้าไฮซีซัน BJC-CPALLรับทรัพย์
09/10/61,ทันหุ้น,BJC-CPALLกินเจดันขายพุ่งไตรมาส4แรง
21/09/61,ทันหุ้น,คอลัมน์ เวทีวิเคราะห์
19/09/61,ทันหุ้น,BJCขานรับรัฐคืนแวตกระตุ้นใช้จ่ายดันยอด
12/09/61,ทันหุ้น,คอลัมน์ เวทีวิเคราะห์
07/09/61,ทันหุ้น,คอลัมน์ กระซิบหน้าจอ
29/08/61,ทันหุ้น,คอลัมน์ เวทีวิเคราะห์
28/08/61,ทันหุ้น,BJCทุ่มหมื่นล.ผลิตขวดแก้วดันสาขาBigC
27/08/61,ทันหุ้น,คอลัมน์ รู้ทันการลงทุน บล.บัวหลวง: BJC : กำไรครึ่งปีหลัง...
23/08/61,ทันหุ้น,คอลัมน์ AT THE OPEN #ATO: วิเคราะห์ GDP ไตรมาส 2 หุ้นไหนน่า...
25/07/61,ทันหุ้น,BJCเด่นหุ้นค้าปลีกกำไรแจ่มแจกปันผล
13/07/61,ทันหุ้น,ชูคืนแวตกระตุ้นกำลังซื้อCPALL-BJCโดดรับทรัพย์
09/05/61,ทันหุ้น,คอลัมน์ AT THE OPEN #ATO: ตลาดหุ้น Emerging market รวมถึง...
03/05/61,ทันหุ้น,คอลัมน์ AT THE OPEN #ATO: SET แกว่งตัวตามกลุ่มพลังงานมากเกิน...
26/03/61,ทันหุ้น,BJCกำลังซื้อสัญญาณบวก ชูหมื่นล.เพิ่มสาขาบิ๊กซี
01/02/61,ทันหุ้น,ค้าปลีกเข้ารอบขาขึ้นมาตรการรัฐปั๊มยอด'ROBINS-BJC'เด่น
27/12/60,ทันหุ้น,คอลัมน์ AT THE OPEN #ATO: 5 หุ้นหลักขับเคลื่อน SET มากกว่า...
27/12/60,ทันหุ้น,BJCเร่งมาร์จิ้นรุกขยายสาขามองเป้า72บาท
26/12/60,ทันหุ้น,RICHYฟื้นตัวกระโดดปั๊มรายได้ปีหน้าโต80%
04/12/60,ทันหุ้น,BJCปีนี้รายได้ทะลุเป้าอานิสงส์ช็อปช่วยชาติ
28/11/60,ทันหุ้น,BJCโค้งส่งท้ายไฮซีซันดันกำไรเคาะเป้า68บาท
30/10/60,ทันหุ้น,BJCธุรกิจฟื้นตัวแรง พิกัดเป้าหมาย60บาท
02/10/60,ทันหุ้น,คอลัมน์ รู้ทันการลงทุน บล.บัวหลวง: BJC มองข้ามไปยัง Q4/60...
19/09/60,ทันหุ้น,คอลัมน์ เรื่องเล่าปากซอย
18/09/60,ทันหุ้น,BJCครึ่งหลังฟอร์มแกร่งรายได้เกิน1.37แสนล.
15/09/60,ทันหุ้น,คอลัมน์ STOCK OF THE TOWN
08/09/60,ทันหุ้น,BJCเล็ง56.50บ.Q4ก้าวกระโดดธุรกิจBIGCหนุน
07/08/60,ทันหุ้น,คอลัมน์ KSeurities KS(W)hole in ONE: ชอบกลุ่มโรงไฟฟ้า
07/07/60,ทันหุ้น,โบรกเชียร์หุ้น'BJC'บุ๊กรายได้บิ๊กซีเต็มปีเคาะเป้าหมาย59บาท
06/07/60,ทันหุ้น,โบรกเชียร์'CPALL'ผุดแคมเปญแสตมป์กระตุ้นยอดหมื่นสาขา
28/06/60,ทันหุ้น,คอลัมน์ รู้ทันการลงทุน บล.บัวหลวง: BJC : ขยายธุรกิจตปท. ปัก...
05/06/60,ทันหุ้น,BJCการันตีเติบโตทุกธุรกิจ  ทุ่มหมื่นล.อัพฐานแกร่ง
01/06/60,ทันหุ้น,คอลัมน์ กระซิบหน้าจอ
26/05/60,ทันหุ้น,คอลัมน์ รู้ทันการลงทุน: บล.บัวหลวง: BJC: เริ่มเข้าสะสมหุ้น!...
17/05/60,ทันหุ้น,คอลัมน์ STOCK FUTURES TFEX: Stock Futures by TFEX
04/05/60,ทันหุ้น,BJC เก็บเกี่ยวกำไร BIGC โค้งแรกผลงานพุ่งเท่าตัว
21/04/60,ทันหุ้น,CPALL-GLOBALเด่นค้าปลีก เร่งเครื่องอัพสาขาปั๊มยอดขาย
04/04/60,ทันหุ้น,คอลัมน์ Fast Trade By แอพเพิลเวลธ์
03/04/60,ทันหุ้น,คอลัมน์ KSecurities KS(W)hole in ONE: เริ่มเก็งผลประกอบการ
03/03/60,ทันหุ้น,BJCมั่นใจปีนี้ผลงานนิวไฮทุ่มหมื่นล้านบ.-อัพยอดโต
24/02/60,ทันหุ้น,คอลัมน์ รู้ทันการลงทุน บล.บัวหลวง: MAKRO : แนวโน้ม Q1/60...
16/02/60,ทันหุ้น,BJC ผลงานโตโดดเด่น บุ๊กรายได้บิ๊กซีเต็มสูบ
08/02/60,ทันหุ้น,BJC รับผลบวก BIGC ยอดขายสาขาวิ่งแรง หนุนกำไรปีนี้พุ่ง 104%
07/02/60,ทันหุ้น,คอลัมน์ รู้ทันการลงทุน บล.บัวหลวง: BJC : หุ้นเด่นราคาดี เป้า...
17/01/60,ทันหุ้น,BGTเร่งเครื่องผุดสาขาจัดทัพสยายปีกCLMV
12/01/60,ทันหุ้น,"คอลัมน์ คิดเป็นเห็นก่อน: ""รอบนี้ต่างชาติยัง ซื้อ ซื้อ ซื้อ"
29/12/59,ทันหุ้น,กลุ่มทีวีดิจิตัลเริ่มฟื้นตัวMONOผลงานพลิกบวก
16/12/59,ทันหุ้น,BJCผนึกกำลังBIGCจัดตั้งบริษัทร่วมทุนเปิดทางธุรกิจประกัน
16/12/59,ทันหุ้น,'วินโดว์ เดรสซิ่ง'ส่งท้ายปีSCC-BJC-BLAกองทุนจ้อง
09/12/59,ทันหุ้น,ROBINS-GLOBAL-CPALL อานิสงส์มาตรการรัฐหนุน
06/12/59,ทันหุ้น,BJC ระดมออกหุ้นกู้ ขยายธุรกิจเต็มกำลัง ตั้งโรงงานต่างประเทศ
30/11/59,ทันหุ้น,BJC อัดฉีดงบขยายสาขา เล็งโละหนี้แบงก์ 6.7 หมื่นล.
28/11/59,ทันหุ้น,ก.ล.ต.ผ่อนผัน บจ.ไม่ทำเทนเดอร์
23/11/59,ทันหุ้น,"คอลัมน์ คิดเป็นเห็นก่อน: ""เลือกลงทุนหุ้นที่ได้ประโยชน์จาก..."
16/11/59,ทันหุ้น,คอลัมน์ KSecurities KS(W)hole in ONE: BJC : Synergy กับ BIGC...
16/11/59,ทันหุ้น,'BJC-KCE' เข้าดัชนี 'MSCI' 'COM7' ติดโผผลงานเร้าใจ
02/11/59,ทันหุ้น,คอลัมน์ KSecurities KS(W)hole in ONE: เข้าสู่การเก็งกำไรผล...
31/10/59,ทันหุ้น,'BJC'แจ้งงบไตรมาส3กำไรพุ่งทะยาน18.2%BIGCเร่งเครื่องอัพ...
20/10/59,ทันหุ้น,BJC สวมกิจการ BIGC ยันรายได้ปีนี้โดดเด่น
29/09/59,ทันหุ้น,BJC โค้งสามผลงานเด่น บุ๊กค่าเงิน-รับทรัพย์ BIGC
29/09/59,ทันหุ้น,ASEFA ลุ้นไตรมาส 3 นิวไฮ ฮุบงานสวิตช์บอร์ดไฟฟ้า
02/09/59,ทันหุ้น,คอลัมน์ กระซิบหน้าจอ
24/08/59,ทันหุ้น,'BJC' อัดฉีดงบ 2 พันล้านบ. โค้งหลังเก็บออเดอร์ล้นมือ
17/08/59,ทันหุ้น,AECS ชี้จังหวะสอยหุ้นเด่น ชู BJC-CBG ผลงานสุดพีค
10/08/59,ทันหุ้น,คอลัมน์ กระซิบหน้าจอ
08/08/59,ทันหุ้น,PLANB ยิ้มรับสื่อดิจิตอลพีค ส่งซิกไตรมาส 3 มีลุ้นนิวไฮ
05/08/59,ทันหุ้น,'BJC-TASCO'จ่อเข้า'MSCI'มาร์เก็ตแคปพุ่ง-ฟอร์มแจ่ม
20/07/59,ทันหุ้น,คอลัมน์ เคาะไปคุยไป
20/07/59,ทันหุ้น,KBANK ยอดปล่อยกู้พุ่ง ธุรกิจรายใหญ่โดดเด่น หนุนค่าฟีโตสูงถึง...
20/06/59,ทันหุ้น,'SF'ลุ้นรายได้Q2แล่นฉิวเร่งก่อสร้างโครงการใหม่
15/06/59,ทันหุ้น,GBSส่องแรงหนุนดัชนีลุ้นงบลงทุน2.4แสนล.เดินหน้าประมูลรถไฟฟ้า
10/06/59,ทันหุ้น,คอลัมน์ เคาะไปคุยไป
08/06/59,ทันหุ้น,"โกลเบล็กคำนวณดัชนีลุ้นวิ่งทดสอบ1,460จุดเก็งกำไรหุ้นเข้าSET50"
08/06/59,ทันหุ้น,ASIMARธุรกิจผ่านจุดต่ำสุดบุ๊กกำไรท่าเรือสุราษฎร์ธานี
27/05/59,ทันหุ้น,'BJC'เร่งระดมเงินเพิ่มทุนขายPP-ROจ่ายคืนหนี้ซื้อBIGC
25/05/59,ทันหุ้น,เปิดโผหุ้นเข้าSET50-100กูรูส่องKCE-TVOแววเด่น
25/04/59,ทันหุ้น,คอลัมน์ KSecurities KS(W)hole in ONE: Commodity Rally
31/03/59,ทันหุ้น,KBANKเข็นสินเชื่อโต7%รุกขยายสาขาต่างประเทศ
29/03/59,ทันหุ้น,SCBปล่อยกู้90ล้านดอลล์หนุนTSLลงทุนแผงโซลาร์
25/03/59,ทันหุ้น,BJCเด่นสุดกลุ่มค้าปลีกทุ่ม4.5พันล.อัพฐานผลิต
24/03/59,ทันหุ้น,BIGCควัก1.6หมื่นล.อัดแคมเปญ-ผุดสาขาเปิดช่องรับทรัพย์เพิ่ม
23/03/59,ทันหุ้น,"""BJC""ประกาศศักดาจัดทัพการลงทุนใหม่หลังเข้าถือบิ๊กซี 58.56%"
14/03/59,ทันหุ้น,KTBค่าธรรมเนียมพุ่ง10%โชว์งานM&Aในมือ2ดีล
09/03/59,ทันหุ้น,คอลัมน์ รู้ทันการลงทุน บล.บัวหลวง: BJC ค้าปลีกที่ใหญ่เจาะ...
24/02/59,ทันหุ้น,40หลักทรัพย์ที่มีมูลค่าการซื้อ-ขายสูงสุด
19/02/59,ทันหุ้น,CIMBTรุกธุรกิจWholesaleกุมดีลIPO-M&Aขยายพอร์ต
16/02/59,ทันหุ้น,คอลัมน์ รู้ทันการลงทุน บล.บัวหลวง: BJCเติบโตเป้า36.50บาท
15/02/59,ทันหุ้น,'BJC'จ่อกู้เงิน2.2แสล.พร้อมตั้งโต๊ะซื้อหุ้นBIGC
11/02/59,ทันหุ้น,BIGCขยายสาขาโกยเงินเร่งปรับโฉมกระตุ้นยอด
09/02/59,ทันหุ้น,40หลักทรัพย์ที่มีมูลค่าการซื้อ-ขายสูงสุด
09/02/59,ทันหุ้น,หุ้น'เสี่ยเจริญ'โชยกลิ่นหอมสะสมBJC-UVรับอนาคต
02/02/59,ทันหุ้น,คอลัมน์ กระซิบหน้าจอ
29/01/59,ทันหุ้น,คอลัมน์ รู้ทันการลงทุน บล.บัวหลวง: VGI เติบโตแกร่งพื้นฐาน...
18/01/59,ทันหุ้น,คอลัมน์ KSecurities KS(W)hole in ONE: ผลการดำเนินงาน บจ....
13/01/59,ทันหุ้น,รัฐเร่งอัดฉีดเที่ยวไทยAOT-AAV-BAส้มหล่น
29/12/58,ทันหุ้น,DSGTใบเสร็จภาครัฐหนุนส่งซิกลุ้นพลิกผลงานท้ายปี
28/12/58,ทันหุ้น,หุ้นไทยฟื้นรับกระตุ้นบริโภคจับตาวินโดว์เดรสซิ่งดันดัชนีกลุ่ม...
24/12/58,ทันหุ้น,ครม.คืนความสุขปีใหม่ROBINS-HMPROรวย
21/12/58,ทันหุ้น,BIGCไร้ผลกระทบกลุ่มCasinoชงขายผุดกองREITปั๊มกำไร
25/11/58,ทันหุ้น,ค้าปลีกโค้งท้ายคึกชูCPN-CPALLพื้นฐานสุดแกร่ง
29/09/58,ทันหุ้น,PLANBบุ๊กกำไรดีลแม็กซ์วิวมีเดียงบไตรมาส4พีค
25/09/58,ทันหุ้น,คอลัมน์ KSecurities KS(W)hole in ONE: ทดลอง DW11 บนหุ้น Mega...
22/09/58,ทันหุ้น,คอลัมน์ KSecurities KS(W)hole in ONE: หุ้นแนะนำใน Theme:Mega...
31/08/58,ทันหุ้น,คอลัมน์ รู้ทันการลงทุน บล.บัวหลวง: BIGC ซื้อเก็งกำไร เป้า...
29/07/58,ทันหุ้น,BIGCอวดงบQ2รายได้เติบโตแข็งแกร่งฟันกำไร1.98พันล.
28/07/58,ทันหุ้น,CPALLเด็ดสุดกลุ่มค้าปลีกอวดงบไตรมาส2โต39%
02/07/58,ทันหุ้น,'เมย์แบงก์ กิมเอ็ง'เปิดตัวDW42
03/06/58,ทันหุ้น,คอลัมน์ เวทีวิเคราะห์
27/03/58,ทันหุ้น,คอลัมน์ บัญชรหุ้น
25/02/58,ทันหุ้น,คอลัมน์ กระซิบหน้าจอ: ความเคลื่อนไหวราคาหุ้น BIG
19/02/58,ทันหุ้น,คอลัมน์ เวทีวิเคราะห์
20/01/58,ทันหุ้น,คอลัมน์ เวทีวิเคราะห์
15/01/58,ทันหุ้น,คอลัมน์ เวทีวิเคราะห์
16/12/57,ทันหุ้น,คอลัมน์ เวทีวิเคราะห์
01/12/57,ทันหุ้น,คอลัมน์ รู้ทันการลงทุน: BIGCม้านอกสายตา-เป้าราคา270บาท
07/11/57,ทันหุ้น,คอลัมน์ เวทีวิเคราะห์
04/11/57,ทันหุ้น,คอลัมน์ Boom Stock
03/11/57,ทันหุ้น,คอลัมน์ เมนูหุ้นเด็ด: STOCK TIPS
03/11/57,ทันหุ้น,คอลัมน์ จับชีพจรหุ้นร้อน
31/10/57,ทันหุ้น,คอลัมน์ เวทีวิเคราะห์
28/10/57,ทันหุ้น,ECFโซลาร์ดันงบโตยาวโบรกเคาะเป้าใหม่6บ.
16/10/57,ทันหุ้น,คอลัมน์ เวทีวิเคราะห์
26/09/57,ทันหุ้น,คอลัมน์ กระซิบหน้าจอ
22/09/57,ทันหุ้น,หุ้นค้าปลีกคึกคักรับช่วงกินเจ ชูCPALLเด่นสุด-เป้า59บาท
05/08/57,ทันหุ้น,ถอดสมการตลาดทุนครึ่งปีหลังสแกนกลุ่มแบงก์-รับเหมาโดดเด่น
29/07/57,ทันหุ้น,คอลัมน์ เวทีวิเคราะห์
27/06/57,ทันหุ้น,"คอลัมน์ เด็กแนว ""เล่าหุ้น"""
17/06/57,ทันหุ้น,คอลัมน์ จับชีพจรหุ้นร้อน
06/06/57,ทันหุ้น,"คอลัมน์ เจาะเทคนิคหุ้นเด่น: ""ไม่ซื้อค่าบวก""ก็ต้องซื้อ""ไม่ต่ำ..."
30/05/57,ทันหุ้น,"คอลัมน์ เจาะเทคนิคหุ้นเด่น: มี""(ค่า)บวก"" ... ก็เล่นสั้นๆ..."
29/05/57,ทันหุ้น,คอลัมน์ เวทีวิเคราะห์
08/05/57,ทันหุ้น,คอลัมน์ เมนูหุ้นเด็ด: STOCK TIPS
06/05/57,ทันหุ้น,คอลัมน์ เวทีวิเคราะห์
22/04/57,ทันหุ้น,คอลัมน์ จับชีพจรหุ้นร้อน
04/04/57,ทันหุ้น,"คอลัมน์ เด็กแนว""เล่าหุ้น"""
04/04/57,ทันหุ้น,คอลัมน์ จับชีพจร หุ้นร้อน
18/03/57,ทันหุ้น,คอลัมน์ รู้ทันการลงทุน: BIGCเด่นกลุ่มค้าปลีก-เป้าหมาย204บาท
24/02/57,ทันหุ้น,VGIจูบปากพันธมิตรตปท.รับงานนอก-ปูพรมตลาดAEC
13/02/57,ทันหุ้น,คอลัมน์ เวทีวิเคราะห์
13/02/57,ทันหุ้น,'BIGC' อวดงบปี 56 ปั๊มกำไรแกร่ง 14.8% ยอดขาย-สาขาหนุน
28/01/57,ทันหุ้น,CPALL-HMPROน่าลงทุน อัพไซด์สูง-ขยายสาขาเพิ่มขึ้น
21/01/57,ทันหุ้น,คอลัมน์ กระซิบหน้าจอ
16/01/57,ทันหุ้น,'BIGC'คิดการณ์ไกลร่วมทุน-commerceบุกตลาดไทย-เวียดนาม
14/01/57,ทันหุ้น,คอลัมน์ จับชีพจรหุ้นร้อน
26/12/56,ทันหุ้น,HMPROกำไรQ4เฉียด1พันล.การันตียอดขายโตแกร่ง15%
20/12/56,ทันหุ้น,คอลัมน์ เวทีวิเคราะห์
12/12/56,ทันหุ้น,คอลัมน์ เมนูหุ้นเด็ด: STOCK TIPS
11/12/56,ทันหุ้น,คอลัมน์ เมนูหุ้นเด็ด: STOCK TIPS
11/12/56,ทันหุ้น,หุ้นไทยคลายปมการเมืองดักเก็บCPALL-BEC-BIGC
31/10/56,ทันหุ้น,BEAUTYเนื้อหอมบิ๊กล็อตโผล่รายได้ทะลุเป้า-บุกหนักอาเซียน
29/10/56,ทันหุ้น,คอลัมน์ เวทีวิเคราะห์
25/10/56,ทันหุ้น,คอลัมน์ เวทีวิเคราะห์
08/10/56,ทันหุ้น,BCPโค้ง3กำไร1.4พันล้านธุรกิจโซลาร์รุ่งเป้าใหม่42บ.
09/09/56,ทันหุ้น,คอลัมน์ เมนูหุ้นเด็ด: STOCK TIPS
06/09/56,ทันหุ้น,คอลัมน์ เมนูหุ้นเด็ด: STOCK TIPS
07/08/56,ทันหุ้น,"คอลัมน์ เจาะเทคนิคหุ้นเด่น: ตาม""(ค่า)บวก""(ไม่ตาม""ลบ"")"
05/08/56,ทันหุ้น,BCPงบQ2กำไรโตเกินคาดครึ่งหลังสดใส-ค่ากลั่นฟื้น
02/08/56,ทันหุ้น,"คอลัมน์ เจาะเทคนิคหุ้นเด่น: (แค่)ลุ้น""รีบาวนด์""เล็กๆ"
29/07/56,ทันหุ้น,คอลัมน์ เวทีวิเคราะห์
29/07/56,ทันหุ้น,คอลัมน์ กระซิบหน้าจอ
26/07/56,ทันหุ้น,BIGCสยายปีกอาเซียนทุ่มงบ8พันล.ขยายสาขา
23/05/56,ทันหุ้น,KTAMเสิร์ฟETFอิงหุ้นกลุ่มพาณิชย์ชูราคาหุ้นโตแซงตลาดดันยิลด์...
09/05/56,ทันหุ้น,HMPROจัดหนักอัดแคมเปญยอดขายปีนี้โต15%-เป้า18บาท
23/04/56,ทันหุ้น,คอลัมน์ กระซิบหน้าจอ
04/03/56,ทันหุ้น,"""BEAUTY""ปี56ขอโตเกิน30%เปิดสาขาลาว-เวียดนาม-เขมร"
20/02/56,ทันหุ้น,คอลัมน์ เวทีวิเคราะห์
19/02/56,ทันหุ้น,คอลัมน์ เวทีวิเคราะห์
13/02/56,ทันหุ้น,BEAUTYปีนี้รายได้โต20% รุกเปิดสาขาBIGC-7-11-โลตัส
05/02/56,ทันหุ้น,BLSจัดทัพDWบิดออฟเฟอร์ชูจุดขายราคาตามแม่ตลอดเวลา
05/02/56,ทันหุ้น,JMARTโชว์ฟอร์มธุรกิจเจ๋งรายได้โตทุบสถิติ-ต้าน18.50บ.
25/01/56,ทันหุ้น,คอลัมน์ กระซิบหน้าจอ
17/01/56,ทันหุ้น,"""BEAUTY""ราคาเป๊ะเว่อร์ส่องแนวต้านถัดไป27บาท"
16/01/56,ทันหุ้น,คอลัมน์ เวทีวิเคราะห์
15/01/56,ทันหุ้น,กระแสตอบรับDW#08แรงดันมูลค่าพุ่งสูงเกิน100ล้าน
11/01/56,ทันหุ้น,คอลัมน์ เวทีวิเคราะห์
09/01/56,ทันหุ้น,คอลัมน์ เวทีวิเคราะห์
02/01/56,ทันหุ้น,ปี56เม็ดเงินลงทุน3Gสะพัดเก็บหุ้นเล็กผลงานโตกระฉูด
21/12/55,ทันหุ้น,"คอลัมน์ เจาะเทคนิคหุ้นเด่น: ""(ค่า)บวก"" = ซื้อ (""ไม่ต่ำ..."
17/12/55,ทันหุ้น,คอลัมน์ กระซิบหน้าจอ
13/12/55,ทันหุ้น,กลุ่มค้าปลีกเริงร่ารับไฮซีซันROBINSเด่นยึดหัวหาดภูธร
12/12/55,ทันหุ้น,"หุ้น""CK-CNT""ขึ้นแท่นดาวเด่นปี56 ตุนงานเต็มพอร์ต-ชูอัพไซด์..."
30/11/55,ทันหุ้น,"""VGI""เนื้อหอมลูกค้ารุมจีบ รายได้เติบโต40%-ต้าน91บ."
06/11/55,ทันหุ้น,"""ค้าปลีก""สดใสส่งท้ายไฮซีซันส่องHMPROปั๊มกำไรเด่นสุด"
02/11/55,ทันหุ้น,คอลัมน์ กระซิบหน้าจอ
22/10/55,ทันหุ้น,คอลัมน์ เวทีวิเคราะห์
19/10/55,ทันหุ้น,คอลัมน์ กระซิบหน้าจอ
17/10/55,ทันหุ้น,BIGCคงเป้ารายได้ปีโต10%ตั้งงบลงทุนขยายสาขา5.5พันล.
11/10/55,ทันหุ้น,คอลัมน์ เวทีวิเคราะห์
11/10/55,ทันหุ้น,คุยกันหลังกระดาน: ดอกชบา...สีแดง???
03/10/55,ทันหุ้น,เปิดมุมมองของคนทันหุ้น...รอบ'เจาะโผหุ้นร้อนราคาถูก'
11/09/55,ทันหุ้น,คอลัมน์ บาดตาเซียน: ยังน่าจะอยู่ในรอบของ Rebound ต่อเนื่อง...
11/09/55,ทันหุ้น,คอลัมน์ จับชีพจรหุ้นร้อน
04/09/55,ทันหุ้น,คอลัมน์ กระซิบหน้าจอ
27/08/55,ทันหุ้น,หลักทรัพย์บัวหลวง: ฉลอง DW01 ครบ 200 ตัว ตามคำเรียกร้อง! พบ...
24/08/55,ทันหุ้น,คอลัมน์ เจาะเทคนิคหุ้นเด่น: สั้นๆ...ไม่บวก(ก็)ไม่เล่น
16/08/55,ทันหุ้น,"คอลัมน์ เด็กแนว""เล่าหุ้น"""
16/08/55,ทันหุ้น,"""บิ๊กซี""ฉลองบิ๊กการ์ดทะลุ7ล้านคน จัดแคมเปญหมื่นคนช็อปฟรีทั้ง..."
09/08/55,ทันหุ้น,คอลัมน์ คุยกันหลังกระดาน: ขายหมู...แถมซื้อกระบือกลับบ้าน?
08/08/55,ทันหุ้น,ตลท.เผยโรดโชว์ฟู่ฟ่า70กองทุนแห่เดินช็อป
27/07/55,ทันหุ้น,คอลัมน์ กระซิบหน้าจอ
26/07/55,ทันหุ้น,คอลัมน์ เวทีวิเคราะห์
25/07/55,ทันหุ้น,คอลัมน์ เวทีวิเคราะห์
24/07/55,ทันหุ้น,คอลัมน์ เวทีวิเคราะห์
16/07/55,ทันหุ้น,คอลัมน์ กระซิบหน้าจอ
06/07/55,ทันหุ้น,คอลัมน์ เวทีวิเคราะห์
29/06/55,ทันหุ้น,BIGC จับมือ BCP เปิดร้านสะดวกซื้อเป้าปี 59 เปิด 950 แห่ง
21/06/55,ทันหุ้น,BAYปักธงเร่งปั๊มกำไรโต2หลักเดินสายหาพันธมิตรต่อเนื่อง
13/06/55,ทันหุ้น,"คอลัมน์ CIMB SECURITIES: SET จะยืนเหนือ 1,150 จุด"
29/05/55,ทันหุ้น,รวมพลคนทันหุ้นปล่อยหมัดเด็ด...จัดหุ้นกำไรโตเสิร์ฟนักลงทุน
18/04/55,ทันหุ้น,หุ้นกลุ่มค้าปลีกครึ่งหลังแจ๋วชูMAKROเด่นอัพไซต์16บ.
12/04/55,ทันหุ้น,คอลัมน์ กระซิบหน้าจอ
05/04/55,ทันหุ้น,คอลัมน์ TECHNICAL เชิงกลยุทธ์: ควรระวังการอาจเล่นหัก และอาจ...
02/04/55,ทันหุ้น,BIGCขึ้นแท่นผู้นำค้าปลีกไทย จ่อชงบอร์ดไฟเขียวขายหุ้นPP
28/03/55,ทันหุ้น,ดัชนีหุ้นไทยรับขวัญ 'QE3' สอย 'DTAC' สตอรี่โดดเด่น
26/03/55,ทันหุ้น,"คอลัมน์ เด็กแนว""เล่นหุ้น"""
08/03/55,ทันหุ้น,คอลัมน์ เวทีวิเคราะห์: ซื้อ PTTGC เป้าหมาย 90.00 บาท
06/03/55,ทันหุ้น,บัวหลวงตะลุยขายDW6ตัวใหม่ พร้อมส่งโปรโมชั่นเอาใจนักลงทุน
01/03/55,ทันหุ้น,คอลัมน์ กระซิบหน้าจอ
21/02/55,ทันหุ้น,คอลัมน์ กระซิบหน้าจอ
21/02/55,ทันหุ้น,คอลัมน์ เวทีวิเคราะห์
20/02/55,ทันหุ้น,คอลัมน์ AiRA Technical Trading
20/02/55,ทันหุ้น,BIGCผลงาน54แข็งแกร่งปี55หวังโตแบบไม่หยุดยั้ง
20/02/55,ทันหุ้น,คอลัมน์ จับชีพจรหุ้นร้อน
17/02/55,ทันหุ้น,คอลัมน์ เวทีวิเคราะห์
17/02/55,ทันหุ้น,"คอลัมน์ เจาะเทคนิคหุ้นเด่น: ""ไม่บวก""ก็""ไม่เล่น(สั้นๆ)"""
17/02/55,ทันหุ้น,คอลัมน์ MARKET PULSE: ...ความแข็งแกร่งครั้งใหม่ของ Dollar...
17/02/55,ทันหุ้น,คอลัมน์ คู่หูคู่หุ้น: 'BIGC'เติบโตราคา130บาท
16/02/55,ทันหุ้น,คอลัมน์ เวทีวิเคราะห์
06/02/55,ทันหุ้น,คอลัมน์ คู่หูคู่หุ้น: กลุ่มพาณิชย์ยังแรงชูMAKRO-HMPRO
12/01/55,ทันหุ้น,คอลัมน์ จับชีพจรหุ้นร้อน
09/01/55,ทันหุ้น,คอลัมน์ จับชีพจรหุ้นร้อน
04/01/55,ทันหุ้น,สัมภาษณ์พิเศษ: 2เซียนส่องหุ้นปีมังกรทอง
26/12/54,ทันหุ้น,คอลัมน์ จับชีพจรหุ้นร้อน
16/12/54,ทันหุ้น,คอลัมน์ จับชีพจรหุ้นร้อน
06/12/54,ทันหุ้น,BIGCเร่งทยอยเปิดสาขาแล้วอัดแคมเปญส่งท้ายรับปีใหม่
30/11/54,ทันหุ้น,คอลัมน์ เจาะเทคนิคหุ้นเด่น: '(ค่า)ลบ' = ไม่เล่น(สั้น)
29/11/54,ทันหุ้น,คอลัมน์ จับชีพจรหุ้นร้อน
18/11/54,ทันหุ้น,คอลัมน์ เวทีวิเคราะห์
15/11/54,ทันหุ้น,คอลัมน์ จับชีพจรหุ้นร้อน
14/11/54,ทันหุ้น,คอลัมน์ จับชีพจรหุ้นร้อน
10/11/54,ทันหุ้น,คอลัมน์ กระซิบหน้าจอ
31/10/54,ทันหุ้น,"""หุ้นไทย""ดัชนีวิ่งฉิวเกิน1,000จุด จัดพอร์ตเข้าตาฝรั่ง..."
31/10/54,ทันหุ้น,คอลัมน์ กระซิบหน้าจอ
25/10/54,ทันหุ้น,คอลัมน์ เวทีวิเคราะห์
25/10/54,ทันหุ้น,คอลัมน์ รู้ทันการลงทุน: BIGCอัพไซด์เป้าหมาย132ล้านบาท
21/10/54,ทันหุ้น,"""กลุ่มค้าปลีก""ยังไม่สำลักน้ำท่วมBIGC-MAKROหนุนเสบียงสินค้า"
21/10/54,ทันหุ้น,"ดัชนีหุ้นไทยสำลักน้ำ-หนี้""ยุโรป""สอยหุ้นรับอานิสงส์HTC-CPALL"
17/10/54,ทันหุ้น,คอลัมน์ เวทีวิเคราะห์
12/10/54,ทันหุ้น,คอลัมน์ กระซิบหน้าจอ
12/10/54,ทันหุ้น,"BIGC เปิดคลัง24ชม.เติมเสบียงเบรก ""แคมเปญ""-รับมือ ""น้ำท่วม"""
11/10/54,ทันหุ้น,คอลัมน์ คู่หูคู่หุ้น: ถึงรอบMAKRO-BIGC
11/10/54,ทันหุ้น,"ดัชนี""ตลาดหุ้นไทย""ผวา""แบงก์""หนาว""NPL""ก่อตัว"
11/10/54,ทันหุ้น,"""BIGC-CPALL"" ยอดขายพุ่งปรี๊ดแห่ตุนสินค้าหลอนวิกฤติน้ำท่วม"
28/09/54,ทันหุ้น,คอลัมน์ กระซิบหน้าจอ
27/09/54,ทันหุ้น,คอลัมน์ กระซิบหน้าจอ
21/09/54,ทันหุ้น,"""BIGC""ทุ่มงบ100ล้านบาทอัดแคมเปญกระตุ้นยอดขาย"
20/09/54,ทันหุ้น,คอลัมน์ เวทีวิเคราะห์
19/09/54,ทันหุ้น,คอลัมน์ กระซิบหน้าจอ
14/09/54,ทันหุ้น,คอลัมน์ คู่หูคู่หุ้น: กลุ่มพาณิชย์มาแรง 'BIGC-MAKRO'ชูโรง
01/09/54,ทันหุ้น,BJCยอดขายไทย-เทศสะพัดอัพเป้ารายได้54โตเกิน15%
31/08/54,ทันหุ้น,คอลัมน์ เจาะเทคนิคหุ้นเด่น: 'เล่นกลาง-รับต่ำๆ' (แต่เล่น...
19/08/54,ทันหุ้น,คอลัมน์ เวทีวิเคราะห์
08/08/54,ทันหุ้น,คอลัมน์ กระซิบหน้าจอ
02/08/54,ทันหุ้น,คอลัมน์ เวทีวิเคราะห์
14/07/54,ทันหุ้น,คอลัมน์ จับชีพจรหุ้นร้อน
13/07/54,ทันหุ้น,"คอลัมน์ เจาะเทคนิคหุ้นเด่น: ""อ่อนตัว""...ซื้อดี (ตาม""ค่า..."
11/07/54,ทันหุ้น,คอลัมน์ นายเรียนรู้: BEX-VNT-STA  เด่นสุด
06/07/54,ทันหุ้น,คอลัมน์ เวทีวิเคราะห์
04/07/54,ทันหุ้น,"ดัชนีหุ้นไทยรอรับรัฐบาลใหม่โบรกมองกรอบ1,028-1,050จุด"
27/06/54,ทันหุ้น,คอลัมน์ นายเรียนรู้: สอยเก็บหุ้นปันผล ADVANC DTAC
23/06/54,ทันหุ้น,"คอลัมน์ คู่หูคู่หุ้น: ""SCB""แกร่งทะลุเพดานตั้งเป้าหมาย140บาท"
02/06/54,ทันหุ้น,คอลัมน์ เจาะเทคนิคหุ้นเด่น: ภาพ'ลบ'(แต่มีลุ้น'เด้ง'สั้นๆ)
02/06/54,ทันหุ้น,คอลัมน์ คู่หูคู่หุ้น: BIGCเทคนิคแจ่มลุ้นแนวต้าน102บาท
23/05/54,ทันหุ้น,"คอลัมน์ เด็กแนว""เล่าหุ้น"""
20/04/54,ทันหุ้น,"""BJC"" รุกต่างประเทศเพิ่มมูลค่า โบรกเล็งกำไรโตแข็งแกร่ง-เป้า..."
12/04/54,ทันหุ้น,หนีแบงก์โยกพอร์ตลงพลังงานรอจังหวะสอยKBANK-SCB
31/03/54,ทันหุ้น,คอลัมน์ จับชีพจรหุ้นร้อน
28/03/54,ทันหุ้น,"สัมภาษณ์พิเศษ: เจาะพอร์ตพิชิตหุ้นแกร่ง""เกษม พันธ์รัตนมาลา"""
28/03/54,ทันหุ้น,คอลัมน์ จับชีพจรหุ้นร้อน
21/03/54,ทันหุ้น,"เปิดโผหุ้นเด่นรับเลือกตั้งชู""CPALL-HMPRO-BEC"""
07/03/54,ทันหุ้น,คอลัมน์ นายเรียนรู้: แนะสอยหุ้นแบงก์-ค้าปลีก
02/03/54,ทันหุ้น,หุ้นค้าปลีกดี๊ด๊าCPIพุ่ง สอย'CPALL-HMPRO-BIGC'
01/03/54,ทันหุ้น,คอลัมน์ นายเรียนรู้: SAT
01/03/54,ทันหุ้น,"คอลัมน์ เด็กแนว ""เล่าหุ้น"""
28/02/54,ทันหุ้น,คอลัมน์ นายเรียนรู้: ซื้อเมื่ออ่อนตัวหุ้นตระกูล P
25/02/54,ทันหุ้น,กลุ่มแบงก์ดี๊ด๊าปล่อยกู้โตเกินคาด TMBรับบุญBIGCสินเชื่อทะลัก
03/02/54,ทันหุ้น,CIMB SECURITIES: บิ๊กซีความเสี่ยงเริ่มที่จะคลี่คลาย
03/02/54,ทันหุ้น,'KTB'ผงาดกำไรQ1/54สนั่นสินเชื่อทะลักแจกปันผลสูงสุด
26/01/54,ทันหุ้น,MAJORขยับเป้าปีนี้โต20%จับมือฝรั่งลุยงานยักษ์ก.พ.
20/01/54,ทันหุ้น,คอลัมน์ เวทีวิเคราะห์
11/01/54,ทันหุ้น,คอลัมน์ กระซิบหน้าจอ
06/01/54,ทันหุ้น,BIGCเฮผู้ถือหุ้นอนุมัติกู้3.85หมื่นล.ซื้อคาร์ฟูร์
05/01/54,ทันหุ้น,BIGCโล่งผู้ถือหุ้นไฟเขียวซื้อกิจการคาร์ฟูร์ในไทย
28/12/53,ทันหุ้น,ดันเอกชนขาย'น้ำมันปาล์ม' 'CPALL'หัวหอกรับประโยชน์
20/12/53,ทันหุ้น,ส่องหุ้นไทยสัปดาห์นี้ซึมต่อ แนะซื้อBIGC-KKรับปีใหม่
20/12/53,ทันหุ้น,รัฐต่อมาตรการครองชีพฟรี CPALLรายได้ปีหน้าโต15%
01/12/53,ทันหุ้น,คอลัมน์ จับชีพจรหุ้นร้อน
26/11/53,ทันหุ้น,BIGC แกร่งปรับเป้าใหม่ตั้งราคาเหมาะสม 82 บาท
17/11/53,ทันหุ้น,เจาะฐานBIGC แกร่งอนาคตไกล
16/11/53,ทันหุ้น,คอลัมน์ เรื่องเล่าปากซอย
16/11/53,ทันหุ้น,BIGCฮุบคาร์ฟูร์3.5หมื่นล. เก็งหลังปลดล็อกSPเป้า85บ.
26/10/53,ทันหุ้น,คอลัมน์ นายเรียนรู้: ตลาดผันผวน
15/10/53,ทันหุ้น,คอลัมน์ เวทีวิเคราะห์
06/10/53,ทันหุ้น,คอลัมน์ เวทีวิเคราะห์
30/09/53,ทันหุ้น,BJCแข่งดุประมูลคาร์ฟูร์ โบรกเพิ่มเป้าราคา25บาท
28/09/53,ทันหุ้น,หุ้นกลุ่มค้าปลีกวิ่งลิงโลดรัฐสั่งปรับเงินเดือนครู8%
23/09/53,ทันหุ้น,PTTถอนตัวประมูลคาร์ฟูร์BJCเต็งหนึ่งเป้าสูง24.80บ.
20/09/53,ทันหุ้น,คอลัมน์ จับชีพจรหุ้นร้อน
15/09/53,ทันหุ้น,"คอลัมน์ เจาะเทคนิคหุ้นเด่น: ""ย่อ"" หรือ ""ยุบ"""
13/09/53,ทันหุ้น,คอลัมน์ ฟันธงมาเนีย: ตลาดแกว่งตัวช่วงแคบต่อไป สอย TRC หลัง...
08/09/53,ทันหุ้น,อเบอร์ดีนชี้เอเชียมาแรง โชว์กองหุ้นยิลด์เฉียด14%
06/09/53,ทันหุ้น,คอลัมน์ นายเรียนรู้: Weekly Outlook: Accumulated Buy
02/09/53,ทันหุ้น,"หุ้นกลุ่มค้าปลีกเต้นระบำกูรูขยับเป้า""CPALL-BIGC"""
23/08/53,ทันหุ้น,คอลัมน์ เวทีวิเคราะห์
20/08/53,ทันหุ้น,BIGCกำไรปีนี้โตขั้นต่ำ10%
11/08/53,ทันหุ้น,คอลัมน์ กระซิบหน้าจอ
04/08/53,ทันหุ้น,คอลัมน์ นายเรียนรู้: RCL
14/07/53,ทันหุ้น,คอลัมน์ MARKET PULSE: การ Rebound ชั่วคราวของ Dollar Index
12/07/53,ทันหุ้น,นายกฯชี้คาร์ฟูร์ถอยไม่กระทบศก. BIGCฮุบมูลค่าหุ้นเพิ่ม5.7บาท
09/07/53,ทันหุ้น,BJCรับแล้วสนใจฮุบคาร์ฟูร์ ระบุขอเวลาศึกษารายละเอียด
08/07/53,ทันหุ้น,คอลัมน์ MARKET PULSE
08/07/53,ทันหุ้น,"ค้าปลีกคึกรับคาร์ฟูร์ถอย""BIGC-BJC""มีลุ้นประมูล"
02/07/53,ทันหุ้น,สอยJMARTดักปันผลงวดแรก
29/06/53,ทันหุ้น,คอลัมน์ เวทีวิเคราะห์
28/06/53,ทันหุ้น,คอลัมน์ จับชีพจรหุ้นร้อน
24/06/53,ทันหุ้น,กองทุน-ต่างชาติสนค้าปลีกความเสี่ยงต่ำ-ผลงานล่อใจ
22/06/53,ทันหุ้น,คอลัมน์ จับชีพจรหุ้นร้อน
22/06/53,ทันหุ้น,"""BIGC-CPALL-HMPRO""ส้มหล่นเงินเดือนข้าราชการเพิ่มแรงซื้อพุ่ง"
10/06/53,ทันหุ้น,คอลัมน์ จับชีพจรหุ้นร้อน
09/06/53,ทันหุ้น,คอลัมน์ จับชีพจรหุ้นร้อน
07/06/53,ทันหุ้น,คอลัมน์ ฟันธงมาเนีย: ตลาดแกว่งตัวขึ้นลงตามหุ้นนอก สอยเล่น...
02/06/53,ทันหุ้น,คอลัมน์ นายเรียนรู้: SMT
02/06/53,ทันหุ้น,CPALL ปลอดภัยสุดกลุ่มค้าปลีก
02/06/53,ทันหุ้น,คอลัมน์ คู่หูคู่หุ้น: CPALL เติบโตอย่างแข็งแกร่ง
31/05/53,ทันหุ้น,คอลัมน์ เวทีวิเคราะห์
25/05/53,ทันหุ้น,คอลัมน์ จับชีพจรหุ้นร้อน
25/05/53,ทันหุ้น,คอลัมน์ เวทีวิเคราะห์
19/05/53,ทันหุ้น,BIGCยิ้มแฉ่งกำไรQ1ทะยาน10.2%
27/04/53,ทันหุ้น,คอลัมน์ เวทีวิเคราะห์
16/04/53,ทันหุ้น,"ดัชนีดิ่งแรงเก็บหุ้นค้าปลีก""MARKO-HMPRP""รัศมีจับ"
07/04/53,ทันหุ้น,BECL-CPALL โดดรับผลบวกนปช.ดันยอดขาย-ทางด่วนพุ่ง
01/04/53,ทันหุ้น,คอลัมน์ หุ้นติดป้าย
01/04/53,ทันหุ้น,CPALLตัวเก็งกลุ่มค้าปลีกโบรกเพิ่มเป้าใหม่33บาท
30/03/53,ทันหุ้น,ลือSCCฮุบHMPROดันหุ้นวิ่ง
30/03/53,ทันหุ้น,"ดักหุ้นดีปลอยภัย""การเมือง"""
15/03/53,ทันหุ้น,คอลัมน์ กระซิบหน้าจอ
15/03/53,ทันหุ้น,คอลัมน์ เวทีวิเคราะห์
05/03/53,ทันหุ้น,คอลัมน์ Investment Society: BIGC : Earnings Confirm Recovery
05/03/53,ทันหุ้น,คอลัมน์ เวทีวิเคราะห์
04/03/53,ทันหุ้น,คอลัมน์ เรื่องเล่าปากซอย
04/03/53,ทันหุ้น,BIGC โวปี 53 รายได้พุ่ง 5% เล็งผุด4 สาขารับเศรษฐกิจฟื้น
08/02/53,ทันหุ้น,คอลัมน์ เยี่ยมบ้านบจ.สัมภาษณ์พิเศษ: ดร.ก้องเกียรติ...
03/02/53,ทันหุ้น,คอลัมน์ Investment Society: ดัชนีค้าปลีกทรงตัวต่อเนื่อง
02/02/53,ทันหุ้น,"จัดพอร์ต หุ้นสู้ปีเสือ...""PTTEP-BANPU"" หุ้นเด่นกินยาว"
02/02/53,ทันหุ้น,ได้เวลาช็อปหุ้นกลุ่มค้าปลีก อานิสงส์ CPI-เงินเฟ้อพุ่ง 4%
26/01/53,ทันหุ้น,คอลัมน์ เวทีวิเคราะห์
25/01/53,ทันหุ้น,คอลัมน์ Investment Society: GLOBAL: Superior Growth Stock!
22/01/53,ทันหุ้น,คอลัมน์ กระซิบหน้าจอ
21/01/53,ทันหุ้น,คอลัมน์ คู่หูคู่หุ้น: ลงทุนกลุ่มปันผลสูง Q4 เด่น
19/01/53,ทันหุ้น,'GLOBAL' กำไรโตปีละ 26% ถกบอร์ดชงงบ-ปันผลก.พ.นี้
18/01/53,ทันหุ้น,คอลัมน์ เวทีวิเคราะห์
08/01/53,ทันหุ้น,คอลัมน์ Investment Society: ดัชนีมูลค่าค้าปลีกของไทยต.ค.2552...
04/01/53,ทันหุ้น,ต้อนรับQ1สอยหุ้นปันผลCSL-TMT-PRIN-SCติดโผ
28/12/52,ทันหุ้น,คอลัมน์ นายเรียนรู้
28/12/52,ทันหุ้น,กลุ่มค้าปลีกบุญหล่นดาวเด่น CPALL-BIBC
25/12/52,ทันหุ้น,จับกลยุทธ์ตลาดหุ้นปี 53
21/12/52,ทันหุ้น,คอลัมน์ นายเรียนรู้: Weekly Outlook: Buy On Weakness
21/12/52,ทันหุ้น,คอลัมน์ เวทีวิเคราะห์
21/12/52,ทันหุ้น,"ค้าปลีกยิ้มรับเงินเฟ้อ3% สอยหุ้น""CPALL-HMPRO"""
25/11/52,ทันหุ้น,TMBเก็บตกลูกค้าส่งท้ายปีเล็งปล่อยกู้รายใหญ่6พันล.
25/11/52,ทันหุ้น,ภาพข่าว: คอลัมน์ คุยกันหลังกระดาน: ช้อปสนุก ถูกชัวร์
23/11/52,ทันหุ้น,คอลัมน์ เวทีวิเคราะห์
20/11/52,ทันหุ้น,BIGCตั้งเป้ายอดขายปีหน้า 7% ทุ่มงบ2พันล.ขยายสาขา4แห่ง
18/11/52,ทันหุ้น,พ.ร.บ.ค้าปลีกเจอโรคเลื่อนCPALLส่งซิกQ4เยี่ยมยอด
04/11/52,ทันหุ้น,HMPRO ยอดขายกระฉูด อานิสงส์คนเร่งโอนบ้าน
29/10/52,ทันหุ้น,"คอลัมน์ ไม้นี้ต้องเคาะ: ""Defensive Stock"""
28/10/52,ทันหุ้น,"คอลัมน์ Investment Society: ""กลุ่มค้าปลีก""ครองใจเซียน..."
12/10/52,ทันหุ้น,หุ้นค้าปลีกคึกรับไฮซีซั่น HMRPO วิ่งโร่เข้าเส้นชัย
09/10/52,ทันหุ้น,คอลัมน์ Investment Society: ลุ้นดัชนี 750 จุด
02/10/52,ทันหุ้น,คอลัมน์ Investment Society: ดัชนีค้าปลีกเดือนก.ค.52 ลดลงเล็ก...
01/10/52,ทันหุ้น,คอลัมน์ จับชีพจรหุ้นร้อน
29/09/52,ทันหุ้น,คอลัมน์ Investment Society: ถึงรอบหุ้นกลุ่มค้าปลีก
24/09/52,ทันหุ้น,คอลัมน์ จับชีพจรหุ้นร้อน
17/09/52,ทันหุ้น,คอลัมน์ จับชีพจรหุ้นร้อน
14/09/52,ทันหุ้น,ดัชนีผู้บริโภคโต3เดือนติดCPALLย้ำรายได้โต10-15%
09/09/52,ทันหุ้น,คอลัมน์ กระซิบหน้าจอ
09/09/52,ทันหุ้น,'BIGC'หวังยอดขายQ4โต15%ปล่อยแคมเปญเด็ดBIGCARD
03/09/52,ทันหุ้น,HMPRO เล็งเจาะตลาดอาเซียน CPALL ปลุกผีค้าปลีกดีมานด์ล้น
26/08/52,ทันหุ้น,คอลัมน์ กระซิบหน้าจอ
26/08/52,ทันหุ้น,คอลัมน์ เวทีวิเคราะห์
20/08/52,ทันหุ้น,คอลัมน์ เวทีวิเคราะห์
18/08/52,ทันหุ้น,คอลัมน์ จับชีพจรหุ้นร้อน
16/07/52,ทันหุ้น,คอลัมน์ นายเรียนรู้: BCP
15/07/52,ทันหุ้น,ค้าปลีกเฮลั่นโกยทรัพย์ยกกลุ่มครม.อัดงบ11หมื่นล.ช่วยปชช.
13/07/52,ทันหุ้น,CPALL เซ็ง พ.ร.บ. ค้าปลีก-โอดเพิ่มสาขาลำบากขึ้น
13/07/52,ทันหุ้น,ลุ้นดัชนีรีบาวนด์ระยะสั้น สอยหุ้นแกร่ง 'PTTEP'
09/07/52,ทันหุ้น,หุ้นกลุ่มค้าปลีกหอมกรุ่นCPALL-BIGCปันผลหรู
08/07/52,ทันหุ้น,คอลัมน์ Investment Society: กลุ่มค้าปลีกชะลอตัว...
30/06/52,ทันหุ้น,PSตุนเหล็กช่วงดอลล์อ่อนดักทางราคาพุ่งในอนาคต
26/06/52,ทันหุ้น,เกาะติดการเมืองกด'SET50' แนะรอเปิด'Short'440จุด
25/06/52,ทันหุ้น,คอลัมน์ จับชีพจรหุ้นร้อน
22/06/52,ทันหุ้น,วินโดว์เดรสซิ่งงบQ2ดันดัชนีพุ่ง
17/06/52,ทันหุ้น,'KTAM' ชี้ดอกเบี้ยบอนด์โงหัวตอกย้ำสัญญาณเศรษฐกิจฟื้น
12/06/52,ทันหุ้น,คอลัมน์ ฟันธงมาเนีย: ขึ้นมากเท่าไหร่ ยิ่งผันผวนเท่านั้น
12/06/52,ทันหุ้น,รัฐแจกเช็ครอบใหม่ 16 มิ.ย.นี้
11/06/52,ทันหุ้น,คอลัมน์ เวทีวิเคราะห์
05/06/52,ทันหุ้น,โบรกชี้SET50ระยะสั้นผันผวน แนะ'Short'แถวรับ420จุด
05/06/52,ทันหุ้น,คอลัมน์ กระซิบหน้าจอ
02/06/52,ทันหุ้น,คอลัมน์ จับชีพจรหุ้นร้อน
29/05/52,ทันหุ้น,คอลัมน์ เวทีวิเคราะห์
28/05/52,ทันหุ้น,ดัชนีเชื่อมั่นสหรัฐหนุนค้าปลีก
28/05/52,ทันหุ้น,คอลัมน์ จับชีพจรหุ้นร้อน
27/05/52,ทันหุ้น,คอลัมน์ จับชีพจรหุ้นร้อน
22/05/52,ทันหุ้น,ตลาดหุ้นแกว่งตัวสูงน้ำมันโลกฟื้น
21/05/52,ทันหุ้น,คอลัมน์ จับชีพจรหุ้นร้อน
18/05/52,ทันหุ้น,ลุ้นดัชนีทะยานสู่550จุดรับศก.ฟื้นการเมืองนิ่ง
11/05/52,ทันหุ้น,คอลัมน์ เวทีวิเคราะห์
04/05/52,ทันหุ้น,คอลัมน์ จับชีพจรหุ้นร้อน
03/04/52,ทันหุ้น,คอลัมน์ กระซิบหน้าจอ
30/03/52,ทันหุ้น,กลุ่มค่าปลีกรับทรัพย์มาตรการรัฐเก็ง'เช็คช่วยชาติ'ฟื้นศก.ช่วง...
30/03/52,ทันหุ้น,คอลัมน์ Investment Sociey: กลุ่มพาณิชย์มาแรง...รับอานิสงส์...
25/03/52,ทันหุ้น,เจมาร์ทเข็นIPOเข้าเทรดก.ค. จูบปาก 'BIGC'ต่อยอดรายได้
24/03/52,ทันหุ้น,เปิดโผหุ้นกระตุ้นเศรษฐกิจ
23/03/52,ทันหุ้น,คอลัมน์ จับชีพจรหุ้นร้อน
19/03/52,ทันหุ้น,คอลัมน์ จับชีพจรหุ้นร้อน
16/03/52,ทันหุ้น,คอลัมน์ Investment Socitety: มุมมองที่เป็นบวกมากขึ้นต่อผล...
11/03/52,ทันหุ้น,คอลัมน์ นายเรียนรู้
10/03/52,ทันหุ้น,คอลัมน์ เวทีวิเคราะห์
10/03/52,ทันหุ้น,คอลัมน์ กระซิบหน้าจอ
09/03/52,ทันหุ้น,คอลัมน์ นายเรียนรู้:  เก้บหุ้นเด่น CPF-KSL
06/03/52,ทันหุ้น,"จับคู่หุ้นเด่นเก็บเข้าพอร์ต... ชู""BIGC-PTTCH""มีดี"
06/03/52,ทันหุ้น,คอลัมน์ จับชีพจรหุ้นร้อน
05/03/52,ทันหุ้น,"""BIGC""ราคาเป้าหมาย46.00บาท"
04/03/52,ทันหุ้น,คอลัมน์ นายเรียนรู้
04/03/52,ทันหุ้น,BIGCทุ่มงบสยวยปีกสาขา ชิงเค้ก2พันดันรายได้โต10%
02/03/52,ทันหุ้น,CPALLกำไรทะลัก3.3พันล. ชมรัฐแจก2พันหนุนใช้จ่าย
02/03/52,ทันหุ้น,คอลัมน์ นายเรียนรู้: KSL แกร่งพื้นฐานดี
20/02/52,ทันหุ้น,'AIM' เปิดฉากหุ้นน้องใหม่สวยหรู เทรดวันแรกเหนือจองเฉียด 100%
19/02/52,ทันหุ้น,คอลัมน์ คู่หูคู่หุ้น: ซื้อเก็งกำไรหุ้น AIM
16/02/52,ทันหุ้น,"คอลัมน์ นายเรียนรู้: สอยหุ้นเด่นมีปันผล เล็ง ""DTAC-ADVANC"""
11/02/52,ทันหุ้น,คอลัมน์ กระซิบหน้าจอ
11/02/52,ทันหุ้น,คอลัมน์ คุยกันหลังกระดาน
10/02/52,ทันหุ้น,คอลัมน์ นายเรียนรู้: เจาะหุ้น SEAFCO
05/02/52,ทันหุ้น,จัดพอร์ตลงทุนหุ้นปันผล... ชู 'AP-QH-SPALI' เข้ารอบ...
05/02/52,ทันหุ้น,อเบอร์ดีนลุยเก็บหุ้นปันผลสูง ปั๊มผลตอบแทนกองหุ้นปีนี้ 6-7%
05/02/52,ทันหุ้น,คอลัมน์ เวทีวิเคราะห์
23/01/52,ทันหุ้น,"คอลัมน์ คู่หูคู่หุ้น: TICON แนะนำ ""ซื้อ"""
16/01/52,ทันหุ้น,คอลัมน์ เวทีวิเคราะห์
15/01/52,ทันหุ้น,"ค้าปลีกยิ้มรับมาตรการรัฐ ""CPALL-HMPRO"" น่าเก็บ"
12/01/52,ทันหุ้น,คอลัมน์ Investment Society: จังหวะหุ้น...CPALL
05/01/52,ทันหุ้น,จับตาJanuary Effect
30/12/51,ทันหุ้น,KGI จับหุ้นเด่นลงพอร์ต STEC-CPALLมีดี...
29/12/51,ทันหุ้น,คอลัมน์ mai Monitor by SCRI
29/12/51,ทันหุ้น,จับกลยุทธหุ้นนโยบายรัฐ อสังหา-รับเหมานำขบวน
26/12/51,ทันหุ้น,ดัชนีวันนี้วิ่งในกรอบ440-455 จุด 'แบงก์-อสังหา'แรงรับนโยบาย...
22/12/51,ทันหุ้น,คอลัมน์ เมนูหุ้นเด็ด
19/12/51,ทันหุ้น,คอลัมน์ เมนูหุ้นเด็ด
18/12/51,ทันหุ้น,คอลัมน์ จับชีพจรหุ้นร้อน
18/12/51,ทันหุ้น,คอลัมน์ เมนูหุ้นเด็ด
16/12/51,ทันหุ้น,คอลัมน์ เรื่องเล่าปากซอย
26/11/51,ทันหุ้น,คอลัมน์ กระซิบหน้าจอ
24/11/51,ทันหุ้น,คอลัมน์ เมนูหุ้นเด็ด
21/11/51,ทันหุ้น,คอลัมน์ เมนูหุ้นเด็ด: STOCK TIPS
20/11/51,ทันหุ้น,คอลัมน์ เวทีวิเคราะห์
20/11/51,ทันหุ้น,คอลัมน์ เมนูหุ้นเด็ด: STOCK TIPS
06/11/51,ทันหุ้น,BIGCตัวต่อยอดหุ้นรากหญ้า เทศกาลปีใหม่ดันยอดขายกระฉูด MAKROก็...
28/10/51,ทันหุ้น,เปิดโผกลุ่มค้าปลีกพื้นฐานยังแกร่ง ชู 'CPLAL-MAKRO' เด่นสุด
28/10/51,ทันหุ้น,คอลัมน์ กระซิบหน้าจอ
17/10/51,ทันหุ้น,คอลัมน์ เวทีวิเคราะห์
14/10/51,ทันหุ้น,กูรูแนะเก็บหุ้นพื้นฐานแกร่ง ปันผลเยี่ยม-ราคารูดกว่า 50%
01/10/51,ทันหุ้น,จับตากลุ่มค้าปลีกไตรมาส4/51
22/09/51,ทันหุ้น,คอลัมน์ นายเรียนรู้: เน้นลงทุนกลุ่มอสังหา-ค้าปลีก...
19/09/51,ทันหุ้น,คัดหุ้นแกร่งรอดวิกฤติค้าปลีก-รพ.ติดแชมป์
15/09/51,ทันหุ้น,คอลัมน์ นายเรียนรู้: Weekly Outlook : Volatile
15/09/51,ทันหุ้น,คอลัมน์ คุยกันหลังกระดาน
08/09/51,ทันหุ้น,คอลัมน์ นายเรียนรู้: จับตาหุ้นกลุ่มสื่อสาร
08/09/51,ทันหุ้น,คอลัมน์ เวทีวิเคราะห์
05/09/51,ทันหุ้น,คอลัมน์ กระซิบหน้าจอ
05/09/51,ทันหุ้น,DBS VICKERS SECURITIES
04/09/51,ทันหุ้น,คอลัมน์ นายเรียนรู้: KASET
01/09/51,ทันหุ้น,คอลัมน์ นายเรียนรู้: รอจังหวะเลือกลงทุน
25/08/51,ทันหุ้น,คอลัมน์ นายเรียนรู้: BEC หุ้นปันผล...
19/08/51,ทันหุ้น,คอลัมน์ จับชีพจรหุ้นร้อน
18/08/51,ทันหุ้น,"คอลัมน์ นิทานข้างตลาดทุน: ""กลัวตกงาน"""
18/08/51,ทันหุ้น,คอลัมน์ นายเรียนรู้: ลุ้นดัชนีแตะ 725-730 จุด
15/08/51,ทันหุ้น,คอลัมน์ นายเรียนรู้
15/08/51,ทันหุ้น,คอลัมน์ จับชีพจรหุ้นร้อน
25/07/51,ทันหุ้น,คอลัมน์ เวทีวิเคราะห์
21/07/51,ทันหุ้น,คอลัมน์ เวทีวิเคราะห์
18/07/51,ทันหุ้น,คอลัมน์ นายเรียนรู้: BIGC
16/07/51,ทันหุ้น,คอลัมน์ กระซิบหน้าจอ
16/07/51,ทันหุ้น,คอลัมน์ นายเรียนรู้
16/07/51,ทันหุ้น,คอลัมน์ จับชีพจรหุ้นร้อน
15/07/51,ทันหุ้น,HMPROเด่นสุดกลุ่มค้าปลีกแนะเก็บช่วงราคาหุ้นรูด16%
14/07/51,ทันหุ้น,คอลัมน์ นิทานข้างตลาดทุน
14/07/51,ทันหุ้น,คอลัมน์ เวทีวิเคราะห์
07/07/51,ทันหุ้น,คอลัมน์ นายเรียนรู้: รีบาวนด์ไปที่เป้าหมาย 758/765 จุด
02/07/51,ทันหุ้น,จัดพอร์ตสู้เงินเฟ้อ เปิดโผ13หุ้นลงทุนปลอดภัย
24/06/51,ทันหุ้น,คอลัมน์ กลุ่มค้าปลีก : ผู้ชนะช่วงตลาดปั่นป่วน โบรกคัด...
19/06/51,ทันหุ้น,คอลัมน์ เวทีวิเคราะห์
18/06/51,ทันหุ้น,ต่อเวลาตรึงราคาสินค้าBIGCสาขาเพียบขายดีสุด
06/06/51,ทันหุ้น,หุ้นรีบาวนด์ไม่ไกล 5 โบรกช่วยจัดพอร์ต
29/05/51,ทันหุ้น,คอลัมน์ คุยกันหลังกระดาน
29/05/51,ทันหุ้น,ตั้งสติรับมือหุ้นดิ่งช้อนกลุ่มปัจจัย4-โรงพยาบาล-ค้าปลีก
29/05/51,ทันหุ้น,CPALLปีนี้EPSพุ่ง138%
13/05/51,ทันหุ้น,คอลัมน์ จับชีพจรหุ้นร้อน
09/05/51,ทันหุ้น,"คอลัมน์ นิทานข้างตลาดทุน: ""ของจริง"""
25/04/51,ทันหุ้น,"คอลัมน์ นิทานข้างตลาดทุน: ""รอคอย"""
16/04/51,ทันหุ้น,CPALLปีนี้กำไรโต109% BIGC สาขาใหม่ดันยอดขาย
26/03/51,ทันหุ้น,ฝรั่ง-กองทุนลุยซื้อปิด Q1ดันหุ้นบวก-วัดกำลังแนวต้าน830จุด...
17/03/51,ทันหุ้น,อัดงบรากหญ้า 1.5 หมื่นล. 'KTB'รับหน้าเสื่อ หุ้นพาณิชย์เฮยก...
14/03/51,ทันหุ้น,คอลัมน์ นายเรียนรู้: EGCO
12/03/51,ทันหุ้น,คอลัมน์ นายเรียนรู้: BGT
11/03/51,ทันหุ้น,คอลัมน์ นายเรียนรู้: BIGC
11/03/51,ทันหุ้น,คอลัมน์ เวทีวิเคราะห์
07/03/51,ทันหุ้น,BIGC ท้าลมร้อนทุ่ม 6.2 พันล้านผุดสาขาใหม่หนุนยอดขาย 10%
05/03/51,ทันหุ้น,คอลัมน์ นายเรียนรู้
05/03/51,ทันหุ้น,คอลัมน์ กระซิบหน้าจอ
04/03/51,ทันหุ้น,คอลัมน์ เมนูหุ้นเด็ด
03/03/51,ทันหุ้น,"นิทานข้างตลาดทุน: ""ละอายใจ"""
29/02/51,ทันหุ้น,คอลัมน์ เวทีวิเคราะห์
18/02/51,ทันหุ้น,คอลัมน์ เมนูหุ้นเด็ด
15/02/51,ทันหุ้น,คอลัมน์ กระซิบหน้าจอ
15/02/51,ทันหุ้น,คอลัมน์ เวทีวิเคราะห์
12/02/51,ทันหุ้น,คอลัมน์ จับชีพจรหุ้นร้อน
22/01/51,ทันหุ้น,CPALL ปิดงบ 50 เข้าเป้าฟันรายได้ 1.2 แสนล.-โต 15%
10/01/51,ทันหุ้น,หุ้นแบงก์บี้พลังงาน กองทุนลุยเพิ่มพอร์ต
09/01/51,ทันหุ้น,IRP แชมป์บจ.กำไรโตสุด
08/01/51,ทันหุ้น,ADAM เล็งรายได้ปีหนูแตะ 650 ล. โปรเจ็กต์ยักษ์ FA CUP หนุน
04/01/51,ทันหุ้น,หุ้นกลุ่มค้าปลีกวิ่งแรงข้ามปี CPALL-HMPRO อัพไซด์อื้อ
25/12/50,ทันหุ้น,วินโดว์เดรสซิ่งดันตลาด
11/12/50,ทันหุ้น,"เด็กแนว ""เล่าหุ้น"""
30/08/50,ทันหุ้น,"กลยุทธ์เดือนก.ย. ""จังหวะซื้อสะสม"""
30/08/50,ทันหุ้น,อ่านใจฝรั่ง: CP7-11 : ต้องใช้ความอดทน
27/08/50,ทันหุ้น,คอลัมน์ เวทีวิเคราะห์
24/08/50,ทันหุ้น,กระซิบหน้าจอ
25/07/50,ทันหุ้น,อ่านใจฝรั่ง: CP7-11 หรือจะแค่เล่นแร่แปรธาตุ?
09/07/50,ทันหุ้น,สัปดาห์นี้มีลุ้นดัชนี840จุดฝรั่งหันสอยหุ้นมีอัพไซด์เหลือ
28/06/50,ทันหุ้น,หุ้นค้าปลีกคึกรับกำลังซื้อครึ่งปีหลังฟื้น
21/06/50,ทันหุ้น,กลุ่มค้าปลีกดีแต่ยังไม่เด่น โบรกลดน้ำหนักน้อยกว่าตลาด
22/05/50,ทันหุ้น,อ่านใจฝรั่ง: CP7-11 สะท้อนในราคาแล้ว ราคาเป้าหมาย 7 บาท
18/05/50,ทันหุ้น,โบรกเกอร์เฟ้นหุ้นเด่น-กำไรงาม ชู THAI-HANA-CPF วิ่งเข้าวิน
02/05/50,ทันหุ้น,อ่านใจฝรั่ง: BIGC ตลาดค้าปลีกระดับล่างขาขึ้นราคาเป้าหมาย 60...
12/04/50,ทันหุ้น,กระซิบหน้าจอ
05/04/50,ทันหุ้น,HMPRO สุดยอดหุ้นเด่นค้าปลีก รับอานิสงส์ยืดแวต 7% กระตุ้นยอด
16/03/50,ทันหุ้น,กระซิบหน้าจอ
16/03/50,ทันหุ้น,คอลัมน์ เวทีวิเคราะห์
08/03/50,ทันหุ้น,คอลัมน์ เวทีวิเคราะห์
28/02/50,ทันหุ้น,"""BIGC""เตรียมอัดงบ4.5พันล้านบ. เปิดสาขาใหม่เอาใจลูกค้าต่าง..."
31/01/50,ทันหุ้น,โบรกเกอร์คัดสรรหุ้นกำไรงาม เล่นแก้เซ็งช่วงดัชนีเซื่องซึม
11/01/50,ทันหุ้น,ฟันธง: ช่วงสั้นๆ ยังผันผวนเหมือนเดิม
03/01/50,ทันหุ้น,วันนี้650-640จุดแนวรับวัดใจ
28/11/49,ทันหุ้น,อานิสงส์คริสต์มาส-ปีใหม่ หนุนหุ้นกลุ่มบริการวิ่งยกแผง
27/11/49,ทันหุ้น,นายเรียนรู้: แนวโน้มตลาดฯและกลยุทธ์การลงทุน
20/11/49,ทันหุ้น,"นายเรียนรู้: ""ปรับฐาน"""
13/11/49,ทันหุ้น,นายเรียนรู้: HOT Money
06/11/49,ทันหุ้น,นายเรียนรู้: แนวโน้มตลาดฯและกลยุทธ์การลงทุน
30/10/49,ทันหุ้น,SEAFCO : สุดยอดแข็งแกร่ง
26/10/49,ทันหุ้น,5 ดาวเด่น หุ้นฤดูกาล (SEASON STOCKS)
09/10/49,ทันหุ้น,นายเรียนรู้: แนวโน้มตลาดและกลยุทธ์การลงทุน
02/10/49,ทันหุ้น,นายเรียนรู้: แนวโน้มตลาดฯ และกลยุทธ์การลงทุน
19/09/49,ทันหุ้น,ทันหุ้น GO INTER: ความกังวลเรื่องอัตราดอกเบี้ยลดลง
29/08/49,ทันหุ้น,โผหุ้นแกร่งสวนตลาด
18/08/49,ทันหุ้น,คอลัมน์ กระซิบหน้าจอ
17/08/49,ทันหุ้น,คอลัมน์ เด็กแนวเล่าหุ้น
31/07/49,ทันหุ้น,นายเรียนรู้: กลยุทธ์การลงทุนสัปดาห์นี้
24/07/49,ทันหุ้น,คอลัมน์ นายเรียนรู้: แนวโน้มตลาดและกลยุทธ์การลงทุน
17/07/49,ทันหุ้น,คอลัมน์ นายเรียนรู้: แนวโน้มตลาดและกลยุทธ์การลงทุน
12/07/49,ทันหุ้น,บล.ดีบีเอสเล็ง 'BIGC-BECL' น่าลงทุน
06/07/49,ทันหุ้น,'CCP' ใจกว้างให้ 'BIGC' เช่าที่ดิน 28 ไร่
22/06/49,ทันหุ้น,'KGI'ฟันธงดัชนีสิ้นปี 715 จุด
21/06/49,ทันหุ้น,จังหวะเก็บหุ้นแววดีต่ำเป้าหมาย
19/06/49,ทันหุ้น,BIGCคาดรายได้โต10%ทวนกระแสศก.ชะลอตัว
16/06/49,ทันหุ้น,'AOT-BIGC' รอดตัวช่วงวิกฤติโบรกเกอร์แนะรอเก็บช่วงขาลง
15/06/49,ทันหุ้น,วิกฤติคือโอกาส'AI'
01/06/49,ทันหุ้น,"""BIGC""อึดวิ่งสวนดัชนี-รับกำลังซื้อพุ่ง"
