Date,Symbol,Source,HeadLine
24/01/63,U,ข่าวหุ้น,"BKTเซ็นลุยหมอชิต ""U""เริ่มร้อยชักสาม"
21/01/63,U,ข่าวหุ้น,NOBLEจ่อขึ้นท็อป10อสังหาฯ ประกาศปี 62 รายได้พุ่งนิวไฮ 1.5...
15/01/63,U,ข่าวหุ้น,CPFผนึก2พันธมิตร ส่ง'ไก่เบญจา'บุกจีน ตั้งเป้ายอดขาย20ล้าน
13/01/63,U,ข่าวหุ้น,SIRIปลื้มคอนโดมิเนียม 'เดอะเบสเพชรเกษม' โกยยอดขาย1.6พันล.
13/01/63,U,ข่าวหุ้น,จับตาจีนเซ็นการค้าเฟส1 หุ้นรับเหมาคึกรับงบปี62
03/01/63,U,ข่าวหุ้น,ANANเริ่มบุ๊กเซอร์วิส อพาร์ตเมนต์ ตั้งเป้าปี 65 รายได้ประจำ...
24/12/62,U,ข่าวหุ้น,เปิดโผ10กองทุนหุ้นยีลด์สูงปรี๊ด บลจ.ทหารไทย แชมป์สูงสุด ผล...
18/12/62,U,ข่าวหุ้น,ANANส่งซิกผลงานQ4โดดเด่น กางแผนปี 63 ยอดขายโต-พร้อมโอน 7...
13/12/62,U,ข่าวหุ้น,ฟุตซี่เพิ่มน้ำหนักTMB-BTS GPSCเข้าคำนวณ20ธ.ค.นี้
13/12/62,U,ข่าวหุ้น,คอลัมน์ สำนักข่าวรัชดา: HUMAN โอกาสจาก BTS
12/12/62,U,ข่าวหุ้น,NOBLEรายได้พุ่ง1.5หมื่นล.ปี65 ตุนแบ็กล็อก 1.86 หมื่นล้าน ปี...
03/12/62,U,ข่าวหุ้น,"CHEWAส่งซิกผลงานQ4เด้ง โชว์ยอดแบ็กล็อก1,583ล้าน"
22/11/62,U,ข่าวหุ้น,SIRIโอนคอนโดใหม่25พ.ย.นี้ 'คุณบายยูอินสไปร์ฯ'4.4พันล.
20/11/62,U,ข่าวหุ้น,'SO'ยิ้มก.ล.ต.นับหนึ่งไฟลิ่ง พร้อมขายไอพีโอ85ล้านหุ้น
19/11/62,U,ข่าวหุ้น,"SAPPE บล.ฟิลลิป แนะนำ ""ซื้อ"" ราคาเป้าหมาย 29 บาท"
15/11/62,U,ข่าวหุ้น,SAMARTโชว์Q3พลิกกำไร ชูผลงาน4ธุรกิจหลักเติบโต
15/11/62,U,ข่าวหุ้น,BAYปักหมุดปีหน้า ลุยดิจิทัลแลนดิ้ง ขยายฐานลูกค้าโต
14/11/62,U,ข่าวหุ้น,ANANลั่นผลงานไตรมาส4พีกสุด เปิดขาย 4 โครงการใหม่ มูลค่ารวม...
01/11/62,U,ข่าวหุ้น,คอลัมน์ CAP&CORP FORUM: GPS Tracking โดยรัฐและการคุ้มครอง...
31/10/62,U,ข่าวหุ้น,SIRIส่งซิกQ4 พีกสุดรอบปีนี้ บุ๊กโอนโครงการร่วมทุนกว่า 1.5...
24/10/62,U,ข่าวหุ้น,IVLทุ่ม300ล้านขยาย rPETเท่าตัว เตรียมเซ็นสัญญาซื้อขายกับ...
21/10/62,U,ข่าวหุ้น,CPWลั่นQ4พีกสุด รับไอโฟน11ขายดี เข้าไฮซีซั่นธุรกิจ
18/10/62,U,ข่าวหุ้น,CPWลุ้นเทรดคึกคักวันนี้ รับกระแสเปิดไอโฟน11
17/10/62,U,ข่าวหุ้น,สัมภาษณ์พิเศษ: CPW ลงสนามเทรด 18 ต.ค. นี้ ผู้นำธุรกิจค้าปลีก...
16/10/62,U,ข่าวหุ้น,CPWพร้อมเทรด18ตุลาคมนี้ โบรกฯชี้ราคา3.10-3.20บาท
11/10/62,U,ข่าวหุ้น,CPWสุดฮอตไอพีโอขายเกลี้ยง! ลงสนามเข้าเทรด18ตุลาคมนี้
08/10/62,U,ข่าวหุ้น,CPWเคาะราคาไอพีโอ2.38บาท เปิดให้จองซื้อหุ้น8-10ตุลาคมนี้
04/10/62,U,ข่าวหุ้น,JKNจ่อนำ3รายการCNBCคัมแบ็ก ออนแอร์ช่องทีวีดิจิทัลยักษ์ใหญ่...
02/10/62,U,ข่าวหุ้น,CPWลุยขายไอพีโอ160ล้านหุ้น คาดเข้าเทรดในSETไตรมาสนี้
30/09/62,U,ข่าวหุ้น,ดันท้ายตลาด
24/09/62,U,ข่าวหุ้น,คอลัมน์ FUNDAMENTAL FOCUS: DERIVATIVES FOCUS
24/09/62,U,ข่าวหุ้น,"""อารักษ์""สวอป""ณพ"" เอาหุ้นECFแลกKPN"
24/09/62,U,ข่าวหุ้น,คอลัมน์ สำนักข่าวรัชดา: U จากบ้านสู่โรงเรียน
20/09/62,U,ข่าวหุ้น,คอลัมน์ คนในข่าว: เข้าโรงเรียน
20/09/62,U,ข่าวหุ้น,Uผนึกฮ่องกงทุ่ม5พันล้าน ลงทุนโรงเรียนนานาชาติ
17/09/62,U,ข่าวหุ้น,คอลัมน์ FUNDAMENTAL FOCUS: DERIVATIVES FOCUS
16/09/62,U,ข่าวหุ้น,บริษัทจดทะเบียน (SET) ที่พลิกกำไรสุทธิในครึ่งแรกปี 2562
12/09/62,U,ข่าวหุ้น,COM7-JMART-SYNEXวิ่ง รับอานิสงส์เปิดไอโฟน11
10/09/62,U,ข่าวหุ้น,คอลัมน์ FUNDAMENTAL FOCUS: DERIVATIVES FOCUS
09/09/62,U,ข่าวหุ้น,คอลัมน์ เทคนิคหุ้นเด่น
06/09/62,U,ข่าวหุ้น,CWTวิจัย-ผลิตจักรยานยนต์EV
05/09/62,U,ข่าวหุ้น,ภาพข่าว: คอลัมน์ สังคมข่าวหุ้น: เปิด สเต๊กอกไก่ โมชิโอะ จาก...
04/09/62,U,ข่าวหุ้น,ภาพข่าว: คอลัมน์ สังคมข่าวหุ้น: เอกอัครราชทูต ณ สิงคโปร์...
27/08/62,U,ข่าวหุ้น,คอลัมน์ FUNDAMENTAL FOCUS: DERIVATIVES FOCUS
22/08/62,U,ข่าวหุ้น,คอลัมน์ หุ้นอินเทรนด์: BTS
20/08/62,U,ข่าวหุ้น,คอลัมน์ FUNDAMENTAL FOCUS: DERIVATIVES FOCUS
16/08/62,U,ข่าวหุ้น,'สยามราชธานี'ยื่นไฟลิ่งต่อกลต. เล็งเสนอขายไอพีโอ85ล้านหุ้น
06/08/62,U,ข่าวหุ้น,คอลัมน์ FUNDAMENTAL FOCUS: DERIVATIVES FOCUS
02/08/62,U,ข่าวหุ้น,U ซื้อโรงแรมในเยอรมนี
02/08/62,U,ข่าวหุ้น,รายงานพิเศษ: หุ้นกลุ่ม SET ราคาพุ่งเกิน 15% (เดือนกรกฎาคม)
23/07/62,U,ข่าวหุ้น,คอลัมน์ FUNDAMENTAL FOCUS: DERIVATIVES FOCUS
09/07/62,U,ข่าวหุ้น,คอลัมน์ FUNDAMENTAL FOCUS: DERIVATIVES FOCUS
09/07/62,U,ข่าวหุ้น,JKNแย้มผลงานไตรมาส2โต ลุยเพิ่ม5รายการครึ่งปีหลัง
08/07/62,U,ข่าวหุ้น,คอลัมน์ คุณค่าบริษัท: AMA จะดีขึ้น?
02/07/62,U,ข่าวหุ้น,คอลัมน์ FUNDAMENTAL FOCUS: DERIVATIVES FOCUS
01/07/62,U,ข่าวหุ้น,MINTลุ้นฟันกำไร2.2พันล้าน ขายโรงแรม 3 แห่งในโปรตุเกส จ่อบุ๊ก...
27/06/62,U,ข่าวหุ้น,IVL ชี้ไฟไหม้ที่สเปนไม่กระทบ
27/06/62,U,ข่าวหุ้น,สัมภาษณ์พิเศษ: JKN นำคอนเทนต์ CNBC ออนแอร์ 1 ก.ค.นี้ วางเป้า...
10/06/62,U,ข่าวหุ้น,BTSบุ๊กกำไรพิเศษ4พันล. ขายเบย์วอเตอร์-หมอชิต
07/06/62,U,ข่าวหุ้น,เปิดโผหุ้นเข้าSET50-100 SAWAD-OSP-VGIเต็งจ๋า
06/06/62,U,ข่าวหุ้น,Uทุ่ม 558 ล้านซื้อ 12 บริษัท
04/06/62,U,ข่าวหุ้น,บูธซีพีเอฟ ในงาน THAIFEX 2019 ได้รับความสนใจจากผู้ร่วมงาน...
29/05/62,U,ข่าวหุ้น,BTSแจ้งงบปี61/62 กำไรสุทธิทรุด35%จ่ายปันผล25สตางค์
29/05/62,U,ข่าวหุ้น,CPFตั้งเป้ายอดขาย สินค้าสุขภาพโต2เท่าลุยขยายต่างประเทศ
27/05/62,U,ข่าวหุ้น,'ยู ซิตี้'ลงนามร้อยชักสาม ทุ่ม3พันล.สร้างโรงแรมหรู
21/05/62,U,ข่าวหุ้น,'คีรี'เซ็น'ร้อยชักสาม' เพิ่มสัมปทาน36ปี งบลงทุน1.5พันล.
15/05/62,U,ข่าวหุ้น,กฟผ.เตรียมประกาศ ปิโตรนาสฯมาเลเซีย ชนะประมูลนำเข้าLNG
15/05/62,U,ข่าวหุ้น,คอลัมน์ CAP&CORP FORUM: Apple Inc v. Pepper
07/05/62,U,ข่าวหุ้น,PTTส่อชวดนำเข้าLNG
30/04/62,U,ข่าวหุ้น,คลังนัดถกAOT3พ.ค.นี้ ยืดสัญญาเช่าสุวรรณภูมิเป็น 30 ปี รับเฟส...
29/04/62,U,ข่าวหุ้น,คอลัมน์ เจาะกระดาน: จังหวะชาวสวน
23/04/62,U,ข่าวหุ้น,เปิดโผ12รายชื่อประมูลนำเข้าLNG ลุ้นได้ผู้ชนะสัปดาห์นี้-จ่อ...
22/04/62,U,ข่าวหุ้น,คอลัมน์ สำนักข่าวรัชดา: STEC ผู้สร้างสู่ผู้ลงทุน
19/04/62,U,ข่าวหุ้น,ภาพข่าว: คอลัมน์ สังคมธุรกิจ: เยี่ยมชมศูนย์การเรียนรู้และ...
17/04/62,U,ข่าวหุ้น,AOTสรุปค่าเช่าใหม่5สนามบิน ควักเงินจ่ายรวม 1.2 พันล. จากเดิม...
12/04/62,U,ข่าวหุ้น,STECซื้อหมอชิตแลนด์ อัพมูลค่าหุ้นอีก1.12บ.
11/04/62,U,ข่าวหุ้น,"STECซื้อ""หมอชิตแลนด์"" จาก""U""มูลค่า4.32พันลบ."
11/04/62,U,ข่าวหุ้น,จ่อประกาศม.44วันนี้ เสร็จ5Gขยับช่วยทีวีฯ...
09/04/62,U,ข่าวหุ้น,BTSงานล้นมือโตต่อเนื่อง คาดปีนี้ฟันกำไร 2.8 พันล. แถมโตดี...
05/04/62,U,ข่าวหุ้น,คอลัมน์ เจาะกระดาน: V หัวคว่ำ
05/04/62,U,ข่าวหุ้น,สหรัฐและจีนอาจขยายเวลาเจรจา จีนยอมรับปัญหาขโมยเทคโนโลยีเป็น...
04/04/62,U,ข่าวหุ้น,คอลัมน์ คุณค่าบริษัท: TVT ปันผลสูง
03/04/62,U,ข่าวหุ้น,TVTลั่นปีนี้ตั้งงบลงทุน200ล้าน วางเป้ามี 15 รายการ หนุน...
01/04/62,U,ข่าวหุ้น,คอลัมน์ FUNDAMENTAL FOCUS: กลุ่มพลังงาน เลือกซื้อเก็งกำไร......
04/03/62,U,ข่าวหุ้น,คลังชงร้อยชักสาม เข้าครม.สัปดาห์นี้
04/02/62,U,ข่าวหุ้น,คอลัมน์ เทคนิคหุ้นเด่น
28/01/62,U,ข่าวหุ้น,MCย้ำเป้ายอดขายปี62โต5% เน้นเพิ่มมูลค่าสินค้า-เดินหน้าขยาย...
15/01/62,U,ข่าวหุ้น,"คอลัมน์ สำนักข่าวรัชดา: ""ตราบาป""กสทช.!?"
09/01/62,U,ข่าวหุ้น,ยูซิตี้เซ็น'ร้อยชักสาม'ก.พ.นี้ อายุสัมปทาน 30 ปี ลุยโครงการ...
20/12/61,U,ข่าวหุ้น,TWZลั่นยอดขายมือถือ ปีนี้ทะลุ6.2แสนเครื่อง โชว์ระดม...
18/12/61,U,ข่าวหุ้น,"ศูนย์สิริกิติ์เสร็จ""เจริญ"" เช่า50ปี/จ่าย5พันล้าน"
28/11/61,U,ข่าวหุ้น,อัศวินยืนกรานBTSจ่าย ค่าโอนสีเขียวแสนล้าน
22/11/61,U,ข่าวหุ้น,สหรัฐชี้จีนยังไม่เลิกขโมยทรัพย์สินทางปัญญา
22/11/61,U,ข่าวหุ้น,คอลัมน์ เจาะกระดาน: ซื้อกลับช่วงสั้น ?
19/11/61,U,ข่าวหุ้น,คอลัมน์ เจาะกระดาน: U หัวคว่ำ
12/11/61,U,ข่าวหุ้น,BTS รายได้ปีนี้โตกระโดด 200% วางงบลงทุน 2.7-3.4 หมื่นล้าน
08/11/61,U,ข่าวหุ้น,'รพี'ส่งไม้ต่อเลขาคนใหม่ ลือหึ่ง 'รื่นวดี' อธิบดีกรมบังคับ...
06/11/61,U,ข่าวหุ้น,คอลัมน์ เจาะกระดาน: หุ้นอลเวง !
06/11/61,U,ข่าวหุ้น,"คอลัมน์ สำนักข่าวรัชดา: ปลดปล่อย ""U"" จากนี้มีแต่...!?!"
06/11/61,U,ข่าวหุ้น,อั้นมานานฉลองพาร์ใหม่ กระหน่ำขายUร่วง22%
02/11/61,U,ข่าวหุ้น,คอลัมน์ คุณค่าบริษัท: PYLON กำไรจะดียิ่งขึ้น
01/11/61,U,ข่าวหุ้น,"PYLON บล.บัวหลวง แนะนำ ""ซื้อ"" ราคาเป้าหมาย 8.60 บาท"
25/10/61,U,ข่าวหุ้น,คอลัมน์ ข่าวย่อย: U ขายหุ้นเพิ่มทุน 84 หุ้น
17/10/61,U,ข่าวหุ้น,คอลัมน์ พลวัตปี2018: จุดจบปิโตรดอลลาร์ หรือปาหี่ระดับโลก
08/10/61,U,ข่าวหุ้น,VGIตีปีกรับข่าวดีBTS กทม.ต่อสัมปทาน10ปี ยืดสิทธิ์บริหาร...
01/10/61,U,ข่าวหุ้น,คอลัมน์ สังคมธุรกิจ
28/09/61,U,ข่าวหุ้น,รีบาวด์ท้ายตลาด
28/09/61,U,ข่าวหุ้น,TRUEรุกธุรกิจผลิตคอนเทนต์ ดึงCJร่วมทุนทรู ซีเจ ครีเอชั่นส์
25/09/61,U,ข่าวหุ้น,คอลัมน์ FUNDAMENTAL FOCUS: DERIVATIVES FOCUS
18/09/61,U,ข่าวหุ้น,คอลัมน์ เทคนิคหุ้นเด่น
18/09/61,U,ข่าวหุ้น,คอลัมน์ FUNDAMENTAL FOCUS: DERIVATIVES FOCUS
14/09/61,U,ข่าวหุ้น,COM7-SPVIวิ่งรอยอดขายไอโฟนรุ่นใหม่
11/09/61,U,ข่าวหุ้น,คอลัมน์ FUNDAMENTAL FOCUS: DERIVATIVES FOCUS
10/09/61,U,ข่าวหุ้น,ADVANCร่วมพัฒนา 'Smart Terminal' หนุนเป็นสนามบินทันสมัย
06/09/61,U,ข่าวหุ้น,SIAMร่วมทุนญี่ปุ่น-TTCL ส่งออกเชื้อเพลิงชีวมวล เข้าไปตลาด...
06/09/61,U,ข่าวหุ้น,BKDคว้างานพม่า3พันล้าน ดันกำไรสุทธิปีหน้าโต20%
04/09/61,U,ข่าวหุ้น,ชงหมอชิต2.6หมื่นล.เข้าครม. ดึงบิ๊กอสังหาร่วมสร้างมิกซ์ยูส 7...
04/09/61,U,ข่าวหุ้น,คอลัมน์ FUNDAMENTAL FOCUS: DERIVATIVES FOCUS
03/09/61,U,ข่าวหุ้น,คอลัมน์ เจาะกระดาน: ทุบแล้วลาก
03/09/61,U,ข่าวหุ้น,Uจ่อรวมพาร์-ลดพาร์ หวังล้างขาดทุนสะสม
28/08/61,U,ข่าวหุ้น,คอลัมน์ FUNDAMENTAL FOCUS: DERIVATIVES FOCUS
21/08/61,U,ข่าวหุ้น,คอลัมน์ FUNDAMENTAL FOCUS: DERIVATIVES FOCUS
20/08/61,U,ข่าวหุ้น,คอลัมน์ FUNDAMENTAL FOCUS: บีทีเอส กรุ๊ป โฮลดิ้งส์ คาดว่า...
09/08/61,U,ข่าวหุ้น,คอลัมน์ CAP & CORP FORUM: คณะกรรมการการแข่งขันทางการค้า :...
07/08/61,U,ข่าวหุ้น,คอลัมน์ FUNDAMENTAL FOCUS: DERIVATIVES FOCUS
06/08/61,U,ข่าวหุ้น,คอลัมน์ คุณค่าบริษัท: BTS แนวโน้มยังสดใส
03/08/61,U,ข่าวหุ้น,คอลัมน์ พลวัตปี2018: อิสระของเฟด และทรัมป์
01/08/61,U,ข่าวหุ้น,MINTควักอีก5.3พันล้าน ซื้อหุ้นNHHเพิ่มอีก5.70%
31/07/61,U,ข่าวหุ้น,คอลัมน์ เทคนิคหุ้นเด่น
31/07/61,U,ข่าวหุ้น,คอลัมน์ CAP & CORP FORUM: คดี Amex และผลต่อการแข่งขันในตลาด...
24/07/61,U,ข่าวหุ้น,คอลัมน์ FUNDAMENTAL FOCUS: DERIVATIVES FOCUS
23/07/61,U,ข่าวหุ้น,คอลัมน์ เทคนิคหุ้นเด่น
23/07/61,U,ข่าวหุ้น,คอลัมน์ พลวัตปี2018: สัญญาณสงครามค่าเงินจากทรัมป์
17/07/61,U,ข่าวหุ้น,คอลัมน์ FUNDAMENTAL FOCUS: DERIVATIVES FOCUS
16/07/61,U,ข่าวหุ้น,BKDแบ็กล็อก สูงสุด2พันล้าน เล็งสอยงานU
11/07/61,U,ข่าวหุ้น,ภาพข่าว: คอลัมน์ สังคมข่าวหุ้น: ซี.พี. เมียนมา เดินหน้า...
10/07/61,U,ข่าวหุ้น,คอลัมน์ เทคนิคหุ้นเด่น
09/07/61,U,ข่าวหุ้น,โบรกฯพอใจแผนชดเชยBTS คาดกระทบกำไรลดแค่1.9%
09/07/61,U,ข่าวหุ้น,'ยูซิตี้'จับมือแสนสิริ จ่อเซ็นธนารักษ์ ลุย'ร้อยชักสาม'
06/07/61,U,ข่าวหุ้น,คอลัมน์ พลวัตปี2018: สัญญาณขึ้นดอกเบี้ย
03/07/61,U,ข่าวหุ้น,คอลัมน์ เทคนิคหุ้นเด่น
02/07/61,U,ข่าวหุ้น,ADVANCยุติแพร่ภาพฟุตบอลโลก ผ่านแอปฯAIS PLAY ตามศาลสั่ง
29/06/61,U,ข่าวหุ้น,U ตั้งบริษัทย่อยถือหุ้น 100%
25/06/61,U,ข่าวหุ้น,จับตา5หุ้นในบล็อกเทรด เสี่ยงถูกเทขาย BANPU-BLAND และ CBG
25/06/61,U,ข่าวหุ้น,"AIS ร่วมมือ ""ซัมซุง-โซนี่"""
22/06/61,U,ข่าวหุ้น,คอลัมน์ เจาะกระดาน: กลัวก็ต้องถอย!
13/06/61,U,ข่าวหุ้น,BTSแย้มคุยปตท.ชิงไฮสปีดเทรน รอซื้อซอง18มิ.ย.
11/06/61,U,ข่าวหุ้น,Uปีนี้พลิกกำไร786ล้าน ลุยโอนโครงการคอนโด ธุรกิจโรงแรมเติบโต...
08/06/61,U,ข่าวหุ้น,รายงานพิเศษ: MINT ซื้อ NHH ไม่คุ้มเสีย.!? ภาระหนี้ท่วม...
07/06/61,U,ข่าวหุ้น,MINTทุ่ม8.55หมื่นล้าน เทกฯNH Hotel Group
05/06/61,U,ข่าวหุ้น,คอลัมน์ ข่าวย่อย: U ทุ่ม 75 ล้านซื้อบริษัทลูก SIRI
04/06/61,U,ข่าวหุ้น,คอลัมน์ FUNDAMENTAL FOCUS: Hot Issue หุ้นที่ได้ประโยชน์จาก...
01/06/61,U,ข่าวหุ้น,คอลัมน์ แฉทุกวันทันเกมหุ้น: BTS สู่จุดสมดุลของธุรกิจ.!?
31/05/61,U,ข่าวหุ้น,คอลัมน์ FUNDAMENTAL FOCUS: บริษัท บีทีเอส กรุ๊ป โฮลดิ้งส์...
31/05/61,U,ข่าวหุ้น,คอลัมน์ แฉทุกวันทันเกมหุ้น: TRUE แชมป์ฟุตบอลโลก.!!
31/05/61,U,ข่าวหุ้น,กสทช.การันตีคนไทยดูครบถ่ายบอลโลก
31/05/61,U,ข่าวหุ้น,"BTSอู้ฟู่โตทะลัก120% โชว์กำไร4,416ล้าน"
28/05/61,U,ข่าวหุ้น,รายงานพิเศษ: CWT-BKD-HPT โชว์แผนธุรกิจ สัญจรพบนักลงทุน จ....
24/05/61,U,ข่าวหุ้น,VGIปักธง3ปีรายได้หมื่นล้าน 'บีทีเอส' ย้ำแผน 5 ปี ปั๊มรายได้...
24/05/61,U,ข่าวหุ้น,หุ้นทีวีดิจิตอลคึกรับข่าวดี คสช.ออกม.44อุ้มแล้ว
16/05/61,U,ข่าวหุ้น,BKDจ่อประมูลงาน5พันล้าน
09/05/61,U,ข่าวหุ้น,คอลัมน์ เจาะกระดาน: ผิดหวัง..แต่ไม่หมดหวัง
07/05/61,U,ข่าวหุ้น,คอลัมน์ FUNDAMENTAL FOCUS: เสนาดีเวลลอปเม้นท์ คาดกำไร 1Q61...
04/05/61,U,ข่าวหุ้น,"""เจียรวนนท์""แชมป์เศรษฐี ""วิชัย-สารัชถ์""ติดท็อปเท็น"
04/05/61,U,ข่าวหุ้น,BTSตุนปัจจัยบวกเพียบ ฟันธงกำไรสุทธิโตเด่น
30/04/61,U,ข่าวหุ้น,"""ยู ซิตี้""ประกาศผนึกกำลังนาคีล ผุดรีสอร์ทที่ดูไบ มูลค่าลงทุน..."
25/04/61,U,ข่าวหุ้น,"""คสช.""กู้ชีพทีวีดิจิทัล คำสั่งอุ้มคลอดพ.ค.นี้"
17/04/61,U,ข่าวหุ้น,หอชมเมืองกทม.แจ้งเกิด แลนด์มาร์คใหม่ 4.6 พันล. 'คีรี' สั่ง...
17/04/61,U,ข่าวหุ้น,คอลัมน์ FUNDAMENTAL FOCUS: บีทีเอส กรุ๊ป โฮลดิ้งส์ รายได้...
11/04/61,U,ข่าวหุ้น,BTSจ่อโชว์ผลงานเด่น รายได้โตกระฉูด200% อานิสงส์เดินรถสีเขียว...
02/04/61,U,ข่าวหุ้น,ประชาคมโบรกฯ ชี้เลื่อนเลือกตั้ง กระทบตลาดหุ้น
02/04/61,U,ข่าวหุ้น,BKD-CRD-SUNเดินสายสัญจร พบนักลงทุนจังหวัดเชียงใหม่
02/04/61,U,ข่าวหุ้น,คอลัมน์ พลวัตปี2018: จีน กลยุทธ์ถอยในรุก
28/03/61,U,ข่าวหุ้น,ไฟเขียวให้เอกชน ลงทุนที่ราชพัสดุ ไม่เข้าข่ายร่วมทุน
28/03/61,U,ข่าวหุ้น,"TVTฟาดรายได้ปี61โต30% จับมือ ""LINE TV"" ออนแอร์คอนเทนต์ใหม่"
27/03/61,U,ข่าวหุ้น,คอลัมน์ พลวัตปี2018: จีนและกับดักธุสซีดิดีส
21/03/61,U,ข่าวหุ้น,"ครม.แต่งตั้ง""ภคพงศ์"" นั่งผู้ว่ารฟม.คนใหม่ รับ3.6แสนบ./เดือน"
19/03/61,U,ข่าวหุ้น,ชง 'หมอชิต-ร้อยชักสาม' มูลค่า 2.7 หมื่นล้านเข้าครม./อายุ...
16/03/61,U,ข่าวหุ้น,TOTลั่นรายได้เน็ตปี61โต7% ตั้งเป้ากลับขึ้นอันดับ2ในปี64
26/02/61,U,ข่าวหุ้น,คอลัมน์ สังคมข่าวหุ้น
23/02/61,U,ข่าวหุ้น,BKDผนึกยักษ์'บีทีเอส' ขายพีพีดึงร่วมถือหุ้น7% เดินหน้าต่อยอด...
22/02/61,U,ข่าวหุ้น,คอลัมน์ FUNDAMENTAL FOCUS: บีทีเอส กรุ๊ป โฮลดิ้งส์ รถไฟฟ้า...
14/02/61,U,ข่าวหุ้น,BDMSซื้อเป้าใหม่25บาท ลุ้นกำไรโตทะลุหมื่นล้าน
07/02/61,U,ข่าวหุ้น,VTE-ECFเปิดโครงการ โซลาร์ฟาร์มมินบูที่พม่า กำลังการผลิต200MW
19/01/61,U,ข่าวหุ้น,BTSซื้อเป้าราคา9.40บาท โบรกฯคาด Q3 ฟันกำไร 586 ล้าน โต 33%
17/01/61,U,ข่าวหุ้น,คอลัมน์ พลวัตปี2018: พลังแห่งการบอกต่อ สู่ Momentum...
16/01/61,U,ข่าวหุ้น,คอลัมน์ หุ้นอินเทรนด์: BH
08/01/61,U,ข่าวหุ้น,BTSมั่นใจ5ปีโตก้าวกระโดด คาดรายได้โตปีละ 27% กำไรพุ่งปีละ...
05/01/61,U,ข่าวหุ้น,คอลัมน์ คนในข่าว: ใจชื้น.!?
05/01/61,U,ข่าวหุ้น,"BTSจ่อรับคืนหนี้หมื่นล้าน หลังUรับโอนกิจการUE ""ยู ซิตี้""..."
04/01/61,U,ข่าวหุ้น,จับตาUเปิดประชุมวิสามัญวันนี้ ลุ้นผู้ถือหุ้นโหวตอนุมัติ รับ...
27/12/60,U,ข่าวหุ้น,คอลัมน์ เทคนิคหุ้นเด่น
25/12/60,U,ข่าวหุ้น,บอร์ดร่วมทุนเอกชนไฟเขียว 'คีรี' สร้างโรงแรมร้อยชักสาม อายุ...
22/12/60,U,ข่าวหุ้น,"""ยูซิตี้""รับโอนกิจการUE ดันสินทรัพย์พุ่ง5หมื่นล้าน IFAแนะ..."
15/12/60,U,ข่าวหุ้น,คอลัมน์ แฉทุกวันทันเกมหุ้น: U ฝันแบบพญามังกร(ฟรี)
13/12/60,U,ข่าวหุ้น,"""คีรี""ปักธงกลุ่มBTS ปั๊มกำไรโตปีละ25% จัดทัพดัน U เป็นหัวหอก..."
08/12/60,U,ข่าวหุ้น,ไฟเขียว'U'ลุยร้อยชักสาม ชงงบลงทุน 1.2 พันล้าน/หมอชิตจ่อเข้า...
21/11/60,U,ข่าวหุ้น,คอลัมน์ สังคมข่าวหุ้น
17/11/60,U,ข่าวหุ้น,"SIRIควักเงิน836ล้าน ซื้อหุ้น""Prime-A""50% คว้าที่ดินสร้าง..."
14/11/60,U,ข่าวหุ้น,บลจ.ยูโอบีออกเพิ่มกองทุนบอนด์ตปท.ลงทุนตลาดทั่วโลก
01/11/60,U,ข่าวหุ้น,คอลัมน์ สังคมข่าวหุ้น
25/10/60,U,ข่าวหุ้น,คอลัมน์ เจาะกระดาน: รอยเดิม
20/10/60,U,ข่าวหุ้น,"BTSลุ้นปีนี้กำไรสุทธิพุ่ง54% เหตุรายได้โต โบรกฯเชียร์ ""ซื้อ""..."
05/10/60,U,ข่าวหุ้น,ภาพข่าว: คอลัมน์ สังคมธุรกิจ: ยามาฮ่า ร่วมสนับสนุนเยาวชน...
29/09/60,U,ข่าวหุ้น,คลังเสนอบอร์ดมาตรา35ยืดอายุโรงภาษีร้อยชักสาม35ปี
29/09/60,U,ข่าวหุ้น,ผันผวน
26/09/60,U,ข่าวหุ้น,กรุงศรีฯดันสินเชื่อ1.4แสนล. โชว์ 8 เดือนแรกยอดขายบัตรเครดิต...
26/09/60,U,ข่าวหุ้น,คอลัมน์ FUNDAMENTAL FOCUS: DERIVATIVES Focus
19/09/60,U,ข่าวหุ้น,คอลัมน์ FUNDAMENTAL FOCUS: DERIVATIVES FOCUS
12/09/60,U,ข่าวหุ้น,คอลัมน์ FUNDAMENTAL FOCUS: DERIVATIVES FOCUS
05/09/60,U,ข่าวหุ้น,TFEXส่งโกลด์-ดีดันวอลุ่ม รับอานิสงส์ทองพุ่ง เหตุเฟดคง...
05/09/60,U,ข่าวหุ้น,คอลัมน์ ลูบคมตลาดทุน: ส่องหุ้น COM7
29/08/60,U,ข่าวหุ้น,คอลัมน์ FUNDAMENTAL FOCUS: DERIVATIVES FOCUS
25/08/60,U,ข่าวหุ้น,'คีรี'สมหวังศาลปกครองสั่ง นับหนึ่งสัญญาร้อยชักสาม เริ่มเดือน...
22/08/60,U,ข่าวหุ้น,คอลัมน์ FUNDAMENTAL FOCUS: DERIVATIVES FOCUS
11/08/60,U,ข่าวหุ้น,รายงาน: ทำไมตลาดจึงไม่กังวลกับเกาหลีเหนือ?
08/08/60,U,ข่าวหุ้น,คอลัมน์ FUNDAMENTAL FOCUS: DERIVATIVES FOCUS
01/08/60,U,ข่าวหุ้น,คอลัมน์ FUNDAMENTAL FOCUS: DERIVATIVES FOCUS
25/07/60,U,ข่าวหุ้น,คอลัมน์ FUNDAMENTAL FOCUS: DERIVATIVES FOCUS
04/07/60,U,ข่าวหุ้น,คอลัมน์ FUNDAMENTAL FOCUS: DERIVATIVES FOCUS
27/06/60,U,ข่าวหุ้น,คอลัมน์ FUNDAMENTAL FOCUS: DERIVATIVES FOCUS
23/06/60,U,ข่าวหุ้น,คอลัมน์ เจาะกระดาน: เล่นต้องไว..กลัวต้องถอย
23/06/60,U,ข่าวหุ้น,COM7ส่งซิกQ2โต คุยพันธมิตร3รายคาดปิดดีลเร็วๆ นี้
15/06/60,U,ข่าวหุ้น,คอลัมน์ FUNDAMENTAL FOCUS: บีทีเอสกรุ๊ปโฮลดิ้งส์ คาด...
02/06/60,U,ข่าวหุ้น,คอลัมน์ เจาะกระดาน: U หัวคว่ำ
02/06/60,U,ข่าวหุ้น,Uทุ่มงบลงทุน6.39พันล้าน ปิดดีลซื้อเชนโรงแรมในยุโรปมูลค่า...
29/05/60,U,ข่าวหุ้น,U TRADE: UOBKayHian ชวนคุณออกล่าเงินล้าน ผ่าน DCA*
24/05/60,U,ข่าวหุ้น,กำไร Q1/60! กลุ่มอสังหาฯ หงอย (ส่วนใหญ่)
18/05/60,U,ข่าวหุ้น,BCPGปิดดีลลมฟิลิปปินส์ จ่อบุ๊คผลตอบแทนเข้าQ2
09/05/60,U,ข่าวหุ้น,PTTEPไม่ต้องตั้งสำรองฯ จนกว่าศาลอินโดฯตัดสิน
04/05/60,U,ข่าวหุ้น,คอลัมน์ สังคมธุรกิจ
04/04/60,U,ข่าวหุ้น,CWTคว้าออเดอร์เบาะหนังแน่นบุ๊คโรงไฟฟ้าโซลาร์ฯ-ชีวมวลปีนี้
28/03/60,U,ข่าวหุ้น,TBSPลั่นรายได้ปีนี้โตเป้าส่งออก20ประเทศทุ่ม200ล้านอัพไลน์...
06/03/60,U,ข่าวหุ้น,ภาพข่าว: นายฐากร ปิยะพันธ์
01/03/60,U,ข่าวหุ้น,ภาพข่าว: บล.ไทยพาณิชย์
23/02/60,U,ข่าวหุ้น,คอลัมน์ เทคนิคหุ้นเด่น
09/02/60,U,ข่าวหุ้น,U ปี 59 ขาดทุนเพิ่ม 13%
31/01/60,U,ข่าวหุ้น,BCPGขยายธุรกิจไม่หยุด เข้าซื้อหุ้นพลังงานลม กำลังผลิตรวม 36...
23/01/60,U,ข่าวหุ้น,SAMARTชี้ปีนี้รายได้พุ่ง2หมื่นล้าน ปรับทัพเตรียมพร้อมก้าว...
20/01/60,U,ข่าวหุ้น,คอลัมน์ พลวัตปี2017: การเมืองเรื่องค่าดอลลาร์
19/01/60,U,ข่าวหุ้น,คอลัมน์ หุ้นอินเทรนด์: LH
04/01/60,U,ข่าวหุ้น,"คอลัมน์ หุ้นเด็ดเคที ซีมิโก้: ปิด 1,542.94 จุด +5.13..."
30/12/59,U,ข่าวหุ้น,"คอลัมน์ หุ้นเด็ด เคทีซีมิโก้: ปิด 1,537.81 จุด+13.21..."
29/12/59,U,ข่าวหุ้น,"คอลัมน์ หุ้นเด็ด เคที ซีมิโก้: ปิด 1,524.60 จุด+7.52..."
28/12/59,U,ข่าวหุ้น,คอลัมน์ คุณค่าบริษัท: CPF เพิ่มศักยภาพมากขึ้น
21/12/59,U,ข่าวหุ้น,"11หุ้นทีวีดิจิตอลตีปีก!WORK-MONOเด่นสุด ""ประยุทธ์""ใช้ม.44..."
19/12/59,U,ข่าวหุ้น,"คอลัมน์ หุ้นเด็ด เคที ซีมิโก้: ปิด 1,522.51 จุด +2.86..."
19/12/59,U,ข่าวหุ้น,"""LH""ทุ่มงบลงทุน4,510ล้าน ฮุบอพาร์ตเมนต์ในอเมริกา หวังสร้างผล..."
16/12/59,U,ข่าวหุ้น,"คอลัมน์ หุ้นเด็ด เคที ซีมิโก้: ปิด 1,519.65 จุด -1.60 จุด..."
16/11/59,U,ข่าวหุ้น,LOXLEYปรับโครงสร้างองค์กรใหม่ จัดทัพผู้บริหาร...
19/10/59,U,ข่าวหุ้น,โรงแรมร้อยชักสามส่อล่ม 'ยูชิตี้'ตั้งเงื่อนไขเยอะ / รื้อ...
17/10/59,U,ข่าวหุ้น,โบรกฯเชียร์ช้อปหุ้น'BLA'ราคาเป้าหมาย55/หุ้น
17/10/59,U,ข่าวหุ้น,คอลัมน์ แฉทุกวันทันเกมหุ้น: COM7 รับส้มหล่น
10/10/59,U,ข่าวหุ้น,COM7คาดQ4เริ่ดรับข่าวดีสัปดาห์นี้เปิดจองไอโฟน7
05/10/59,U,ข่าวหุ้น,CIMBTเสนอสินเชื่อบ้าน 3 ปีแรกคิดดอกเบี้ย3.69%
05/10/59,U,ข่าวหุ้น,"คอลัมน์ หุ้นเด็ด เคที ซีมิโก้: ปิด 1,509.78 จุด +18.84จุด..."
04/10/59,U,ข่าวหุ้น,CIMBTมองศก.โค้งสุดท้าย ปรับขึ้นจากจุดต่ำสุด และสดใสในปี 60
30/09/59,U,ข่าวหุ้น,SPALIรุกหนักไตรมาส4/59 เตรียมผุด 8 โครงการ มูลค่า 1.7 หมื่น...
27/09/59,U,ข่าวหุ้น,คอลัมน์ FUNDAMENTAL FOCUS: DERIVATIVES FOCUS
20/09/59,U,ข่าวหุ้น,คอลัมน์ FUNDAMENTAL FOCUS: DERIVATIVES FOCUS
20/09/59,U,ข่าวหุ้น,ฟันด์โฟลว์ไหลเข้าอีก ฟันธง!เฟดไม่ปรับดบ.
15/09/59,U,ข่าวหุ้น,คอลัมน์ ลูบคมตลาดทุน: ต่างชาติยังไม่ขาย
13/09/59,U,ข่าวหุ้น,"กรมธนารักษ์เร่งปิดจ็อบ รอเจรจา""ยูซิตี้""รายต่อไป"
12/09/59,U,ข่าวหุ้น,"""ยู ซิตี้"" ทุ่มงบ 3,435 ล้าน ซื้อ ""LH Unit Trust"" อังกฤษ 4.9..."
06/09/59,U,ข่าวหุ้น,คอลัมน์ FUNDAMENTAL FOCUS: DERIVATIVES FOCUS
31/08/59,U,ข่าวหุ้น,IFSหุ้นเด่นกลุ่มเช่าซื้อ อัพไซด์สูง-ปันผลดี6%
30/08/59,U,ข่าวหุ้น,คอลัมน์ FUNDAMENTAL FOCUS DBS VICKERS SECURITIES:...
16/08/59,U,ข่าวหุ้น,คอลัมน์ FUNDAMENTAL FOCUS DBS VICKERS SECURITIES:...
09/08/59,U,ข่าวหุ้น,คอลัมน์ FUNDAMENTAL FOCUS: DERIVATIVES FOCUS
09/08/59,U,ข่าวหุ้น,คอลัมน์ เจาะกระดาน: บันไดขาขึ้น ?
03/08/59,U,ข่าวหุ้น,คอลัมน์ เทคนิคหุ้นเด่น
02/08/59,U,ข่าวหุ้น,คอลัมน์ FUNDAMENTAL FOCUS: DERIVATIVES FOCUS
29/07/59,U,ข่าวหุ้น,"คอลัมน์ ข่าวสั้น: นินเทนโดขาดทุน5,100ล้านเยน"
28/07/59,U,ข่าวหุ้น,GUNKULแย้มลงทุนต่างประเทศเพิ่ม มั่นใจปี 63 กวาดสัญญาซื้อขาย...
27/07/59,U,ข่าวหุ้น,คอลัมน์ สังคมธุรกิจ
26/07/59,U,ข่าวหุ้น,คอลัมน์ FUNDAMENTAL FOCUS: DERIVATIVES FOCUS
25/07/59,U,ข่าวหุ้น,CIMBTรื้อแผนสินเชื่อบ้านดันยอดทั้งปีโต1.5หมื่นลบ.
25/07/59,U,ข่าวหุ้น,8หุ้นเล็ก-กลางกำไรเริ่ดEAนำทัพพุ่งเฉียดพันล้าน ดักเก็บก่อน...
20/07/59,U,ข่าวหุ้น,คอลัมน์ เจาะกระดาน: ลุย หรือ ถอย
14/07/59,U,ข่าวหุ้น,DEMCOคว้างานกฟภ.299ล้าน เริ่มบุ๊ครายได้10-15%ไตรมาส4
13/07/59,U,ข่าวหุ้น,คอลัมน์ เทคนิคหุ้นเด่น
13/07/59,U,ข่าวหุ้น,คอลัมน์ สภาแมงเม่า: COM7 แรงชัด จัดเต็ม
12/07/59,U,ข่าวหุ้น,คอลัมน์ FUNDAMENTAL FOCUS: DERIVATIVES FOCUS
12/07/59,U,ข่าวหุ้น,AISจับมือ3บริษัทใหญ่ขยายบริการครอบคลุมผ่านiStudioกว่า60แห่ง
06/07/59,U,ข่าวหุ้น,CIMBTชงดอกเบี้ยกู้บ้านชู3ปีแรกจ่ายเพียง3.33%
06/07/59,U,ข่าวหุ้น,"TVTแย้มQ2รายได้โต20% จัดตั้ง ""บิ๊กเบรน"" ขยายฐานลูกค้า-ผลิต..."
05/07/59,U,ข่าวหุ้น,คอลัมน์ FUNDAMENTAL FOCUS: DERIVATIVES FOCUS
28/06/59,U,ข่าวหุ้น,คอลัมน์ FUNDAMENTAL FOCUS: DERIVATIVES FOCUS
24/06/59,U,ข่าวหุ้น,คอลัมน์ เจาะกระดาน: เลิกกลัว?
21/06/59,U,ข่าวหุ้น,คอลัมน์ FUNDAMENTAL FOCUS: DERIVATIVES FOCUS
16/06/59,U,ข่าวหุ้น,LOXLEYเปิดสมาร์ทโฟนZUK Z1ขายผ่านลาชาด้าจับกระแสช้อปออนไลน์
10/06/59,U,ข่าวหุ้น,AQบอร์ดไฟเขียวปรับกลยุทธ์เน้นทำโครงการรับรู้รายได้เร็ว
09/06/59,U,ข่าวหุ้น,คอลัมน์ เทคนิคหุ้นเด่น
02/06/59,U,ข่าวหุ้น,"""เสี่ยน้ำ""ลุยโครงการหมอชิต ธนารักษ์ส่งเทียบเชิญ ไม่ต้อง..."
27/05/59,U,ข่าวหุ้น,ADVANCความเชื่อมั่นฟื้น วันนี้คว้าไลเซนส์คลื่น900 พื้นฐานยัง...
26/05/59,U,ข่าวหุ้น,BTSแจ้งงบปี59วันนี้ ลุ้นกำไรโตทะลัก68% ผู้ถือหุ้นรอรับข่าวดี...
16/05/59,U,ข่าวหุ้น,คอลัมน์ ข่าวย่อย: NWR คว้างาน 782 ล้าน
29/04/59,U,ข่าวหุ้น,"PTTEPงบไตรมาสแรกทรุด กำไรวูบ 5,624 ล้าน ผลกระทบราคาขายดิ่ง"
26/04/59,U,ข่าวหุ้น,คอลัมน์ เจาะกระดาน: 108 เหตุผล
25/04/59,U,ข่าวหุ้น,SCBAM ปรับแผนลงทุน เก็บกลุ่มวัสดุก่อสร้าง และเฮลท์แคร์
22/04/59,U,ข่าวหุ้น,TVTลุ้นไตรมาส1กำไรโต432% คว้างานรับจ้างผลิตละครทะลัก
11/04/59,U,ข่าวหุ้น,IVLปิดดีลเทกฯCEPSAในสเปนQ1กำไรโต600%
05/04/59,U,ข่าวหุ้น,คอลัมน์ เจาะกระดาน: ตีโจทย์ให้แตก!
04/04/59,U,ข่าวหุ้น,IVLรุกซื้อกิจการไม่หยุด ฮุบโรงงานผลิตเคมีภัณฑ์ ของ BP ใน...
30/03/59,U,ข่าวหุ้น,ภาพข่าว: คอลัมน์ สังคมธุรกิจ: UPA ลงนามซื้อขายไฟฟ้าขนาด 200...
24/03/59,U,ข่าวหุ้น,AISโชว์เหนือเปิด4.5G TRUEลั่นต้องขึ้นเบอร์2
18/03/59,U,ข่าวหุ้น,คอลัมน์ เจาะกระดาน: เกือบไม่รอด
14/03/59,U,ข่าวหุ้น,คอลัมน์ เทคนิคหุ้นเด่น
10/03/59,U,ข่าวหุ้น,หุ้นทีวีดิจิตอลติดปีก! ไลเซนส์เปลี่ยนมือได้ แก้วิกฤติจ่ายงวด...
07/03/59,U,ข่าวหุ้น,คอลัมน์ เจาะกระดาน: ฝืนเกินไป?
02/03/59,U,ข่าวหุ้น,"SAMARTตั้งเป้าหมายปี59 รายได้พุ่ง24,000ล้าน ธุรกิจในมือโตยก..."
15/02/59,U,ข่าวหุ้น,คลังผุด3โครงการยักษ์ คีรี-เสี่ยเจริญพร้อมลุย
15/02/59,U,ข่าวหุ้น,BTS บล.เมย์แบงก์ กิมเอ็ง แนะนำ ซื้อ ราคาเป้าหมาย 10.54 บาท
12/02/59,U,ข่าวหุ้น,บ ขาดทุนเหลือ 276 ล้าน
11/02/59,U,ข่าวหุ้น,หุ้นมือถือน่าช้อป
05/02/59,U,ข่าวหุ้น,รายงานพิเศษ: SAMART กางแผนธุรกิจรับปีวอก ลุยปั๊มรายได้รวม...
01/02/59,U,ข่าวหุ้น,"กลุ่มSAMARTตั้งเป้าปี59 โกยรายได้ 24,000 ล้าน ผลบวกเศรษฐกิจ..."
22/01/59,U,ข่าวหุ้น,LHแจ้งซื้ออพาร์ตเมนต์
22/01/59,U,ข่าวหุ้น,คอลัมน์ แฉทุกวันทันเกมหุ้น: IEC แผนรวบพาร์เพื่อปันผล
21/01/59,U,ข่าวหุ้น,กสิกรฯชูท่องเที่ยว-รพ. รับการฟื้นตัวเศรษฐกิจ
20/01/59,U,ข่าวหุ้น,"กรมธนารักษ์ยอม ""ยูซิตี้"" ยืดอายุร้อยชักสาม 10 ปี"
11/01/59,U,ข่าวหุ้น,คอลัมน์ เจาะกระดาน: บันไดขาลง!
08/01/59,U,ข่าวหุ้น,"""อากู๋""ปิดทีวีดาวเทียมหันทิศมุ่งโตทีวีดิจิตอล"
25/12/58,U,ข่าวหุ้น,PTTแจ้งขายเงินลงทุน
08/12/58,U,ข่าวหุ้น,4ยักษ์รับเหมาชิงดำวันนี้ ทางคู่จิระ2.36หมื่นล้าน
04/12/58,U,ข่าวหุ้น,'กสทช.'กำชับทุกแพลตฟอร์มเรียงช่อง1-36ฝ่าฝืนปรับทันที
02/12/58,U,ข่าวหุ้น,MTLSลั่นกำไรพุ่ง50% ชูเอ็นพีแอลต่ำกว่า1%
01/12/58,U,ข่าวหุ้น,VGIรุกขายสื่อโฆษณาในคอนโด
26/11/58,U,ข่าวหุ้น,คอลัมน์ หุ้นอินเทรนด์: INTUCH
25/11/58,U,ข่าวหุ้น,"4รับเหมาฯฉลุย""จิระ-ขอนแก่น""เคาะราคา8ธ.ค."
24/11/58,U,ข่าวหุ้น,BTSลั่นครึ่งปีหลังกำไรเด้ง รับไฮซีซั่น-มั่นใจรายได้ปีนี้โต...
20/11/58,U,ข่าวหุ้น,คอลัมน์ สังคมข่าวหุ้น
20/11/58,U,ข่าวหุ้น,ช้อปห้าอสังหาฯงบสวย ไตรมาส3โตสวนตลาด
09/11/58,U,ข่าวหุ้น,U แจง Q3 ขาดทุน 178 ล้าน
06/11/58,U,ข่าวหุ้น,คอลัมน์ หุ้นอินเทรนด์: SAMART
05/11/58,U,ข่าวหุ้น,ความเคลื่อนไหวของราคาหุ้น SET100ประจำเดือนตุลาคม 58
03/11/58,U,ข่าวหุ้น,คอลัมน์ สังคมข่าวหุ้น
30/10/58,U,ข่าวหุ้น,BTSลุ้นปีนี้กำไรพุ่ง4.7พันล้าน คาดปันผลอีก 0.67 บาท เชียร์...
29/10/58,U,ข่าวหุ้น,ภาพข่าว: คอลัมน์ สังคมข่าวหุ้น: UAC ให้การต้อนรับ รัฐมนตรี...
27/10/58,U,ข่าวหุ้น,คอลัมน์ เทคนิคหุ้นเด่น
22/10/58,U,ข่าวหุ้น,คอลัมน์ เจาะกระดาน: เจาะรายตัว
20/10/58,U,ข่าวหุ้น,คอลัมน์ สภาแมงเม่า: UV กับขาขึ้นรอบใหม่
16/10/58,U,ข่าวหุ้น,คอลัมน์ แฉทุกวันทันเกมหุ้น: รหัสโทน...ก็แค่ชื่อ
15/10/58,U,ข่าวหุ้น,คอลัมน์ เจาะกระดาน: เล่นกันโหด
15/10/58,U,ข่าวหุ้น,คอลัมน์ FUNDAMENTAL FOCUS: สามารถคอร์ปอเรชั่น ส่วนเพิ่มจาก...
13/10/58,U,ข่าวหุ้น,คอลัมน์ SET 100กับพฤติกรรมความเคลื่อนไหวของราคาหุ้น
12/10/58,U,ข่าวหุ้น,CKเด่นเชียร์ซื้อเป้าราคา33บ.ITDชี้เก็งกำไร
09/10/58,U,ข่าวหุ้น,ดัชนีความเชื่อมั่น นักลงทุนพุ่ง70% ต่างชาติซื้อหุ้นต่อ
08/10/58,U,ข่าวหุ้น,TVTฟอร์มดีงบQ3สวย! ลุ้นกำไร15ล้านโต37%
06/10/58,U,ข่าวหุ้น,OIL MARKET TREND: ราคาน้ำมันดิบผันผวน จากเศรษฐกิจจีนญี่ปุ่น...
30/09/58,U,ข่าวหุ้น,คอลัมน์ เจาะกระดาน: เด้งสู้
29/09/58,U,ข่าวหุ้น,คอลัมน์ เจาะกระดาน: กลับมาที่เดิม!
28/09/58,U,ข่าวหุ้น,ดัชนีหุ้นไทยปรับลง ดัน SET50 Put DW พุ่ง 16%
22/09/58,U,ข่าวหุ้น,คอลัมน์ FUNDAMENTAL FOCUS: DERIVATIVES FOCUS
18/09/58,U,ข่าวหุ้น,คอลัมน์ เจาะกระดาน: ปลดล็อก?
17/09/58,U,ข่าวหุ้น,โผ9หุ้นเข้าคำนวณฟุตซี่ โบรกเชียร์เก็งกำไรวันนี้
16/09/58,U,ข่าวหุ้น,ตารางบริษัทที่กำไรเพิ่มสูงสุดในกลุ่ม 15 อันดับ งวดครึ่งปีแรก...
08/09/58,U,ข่าวหุ้น,คอลัมน์ FUNDAMENTAL FOCUS: DERIVATIVES FOCUS
03/09/58,U,ข่าวหุ้น,TVTคาดผลงานQ3โตไม่หยุด รับไฮซีซั่นธุรกิจดันครึ่งหลังพุ่ง
31/08/58,U,ข่าวหุ้น,SET50 DW วอลุ่มแน่นกว่า 1 พันล้านหน่วยในรอบสัปดาห์
26/08/58,U,ข่าวหุ้น,"คลังชงครม.งบ5หมื่นล.KTBเด้งรับแผน""สมคิด"""
25/08/58,U,ข่าวหุ้น,เปิดโผ10หุ้นเด่นเด้งเร็ว IVL-IRPCจับตาวันนี้ฮอต
24/08/58,U,ข่าวหุ้น,Put DW พุ่งต่อเนื่อง ขณะที่นักลงทุนเก็บ Call หุ้นพลังงาน
20/08/58,U,ข่าวหุ้น,สุดยอดหุ้นอสังหาฯและก่อสร้างกำไรเยี่ยม
11/08/58,U,ข่าวหุ้น,คอลัมน์ FUNDAMENTAL FOCUS: DERIVATIVES FOCUS
11/08/58,U,ข่าวหุ้น,"TOPกำไรหรู6,228ล้าน BTSโชว์Q1โตทะลุ300%"
10/08/58,U,ข่าวหุ้น,หุ้นร่วงหนุน Put DW ปรับตัวขึ้นในรอบสัปดาห์
10/08/58,U,ข่าวหุ้น,COM7เทรดวันนี้ลุ้นวิ่ง5.50บาทรับพื้นฐานแกร่ง
05/08/58,U,ข่าวหุ้น,หุ้นขึ้น หุ้นลง (SET ประจำเดือนกรกฎาคม 58)
04/08/58,U,ข่าวหุ้น,คอลัมน์ FUNDAMENTAL FOCUS: DERIVATIVES FOCUS
28/07/58,U,ข่าวหุ้น,คอลัมน์ FUNDAMENTAL FOCUS: DERIVATIVES FOCUS
27/07/58,U,ข่าวหุ้น,TUFแจ้งวิธีการคืนเงินค่าจองซื้อหุ้นเพิ่มทุนโอนผ่านระบบ-จ่าย...
27/07/58,U,ข่าวหุ้น,DW บน TPIPL วอลุ่มพุ่งสูงในรอบสัปดาห์ที่ผ่านมา
24/07/58,U,ข่าวหุ้น,TUFแจ้งเบรกขายหุ้นเพิ่มทุนลั่นกรณีบ.ย่อยกระทบผู้จองซื้อ
24/07/58,U,ข่าวหุ้น,สังคมธุรกิจ
23/07/58,U,ข่าวหุ้น,แสนสิริ-BTSกางแผน5ปี ลุย25โครงการ1แสนล้าน
16/07/58,U,ข่าวหุ้น,คอลัมน์ เจาะกระดาน: ค้อนหัวกลับ
15/07/58,U,ข่าวหุ้น,RSทุ่มงบปรับโฉม-รายการช่อง2วางเป้ารายได้ปีนี้ทะลุ400ล้าน
14/07/58,U,ข่าวหุ้น,คอลัมน์ FUNDAMENTAL FOCUS: DERIVATIVES Focus
13/07/58,U,ข่าวหุ้น,วอลุ่ม SET50 DW หนาแน่นต่อเนื่องอีกสัปดาห์
08/07/58,U,ข่าวหุ้น,หุ้นเด่นหุ้นดิ่งกลุ่ม SET เดือนมิถุนายน 2558
07/07/58,U,ข่าวหุ้น,คอลัมน์ FUNDAMENTAL FOCUS: DERIVATIVES FOCUS
23/06/58,U,ข่าวหุ้น,คอลัมน์ FUNDAMENTAL FOCUS: DERIVATIVES FOCUS
22/06/58,U,ข่าวหุ้น,กองทุนสบช่องแนะ7หุ้นถูกถอดออกจากSET50
18/06/58,U,ข่าวหุ้น,"""U""จ่อขายSIRI-NMG คาดโกยกำไรพุงกาง"
17/06/58,U,ข่าวหุ้น,คอลัมน์ สังคมข่าวหุ้น
17/06/58,U,ข่าวหุ้น,WHAนำทัพเข้าSET50 CKP-UNIQ-Uอัพเกรด
15/06/58,U,ข่าวหุ้น,"มั่นคงเคหะเปลี่ยนมือ ทศพงศ์-สุเทพคืนวงการ! ""ชวน ตั้งมติธรรม""..."
12/06/58,U,ข่าวหุ้น,BTSการันตีQ1กำไรนิวไฮ บุ๊คพิเศษ 2-3 พันล้าน ปีนี้ผู้โดยสารโต...
11/06/58,U,ข่าวหุ้น,LHBANKจ่อเข้าเซท100 แชมป์สินเชื่อโตมากสุด
10/06/58,U,ข่าวหุ้น,รายงานพิเศษ: ดาวเด่น-ดาวร่วง เดือนพฤษภาคม 2558
10/06/58,U,ข่าวหุ้น,ภาพข่าว: คอลัมน์ สังคมธุรกิจ: ทีวี ธันเดอร์ ยกทัพรายการ...
10/06/58,U,ข่าวหุ้น,MTLSสินเชื่อพุ่งทะลุ45% โรดโชว์ยุโรปดึงกองทุนเข้า
29/05/58,U,ข่าวหุ้น,อวดหุ้นพลิกมีกำไร
28/05/58,U,ข่าวหุ้น,"ทรูโฟร์ยูทุ่มงบ2,000ล้านบาท เสริมแกร่งคอนเทนต์ดิจิตอลทีวี"
26/05/58,U,ข่าวหุ้น,"ธนารักษ์เปิดทางต่อสัมปทาน""ยูฯ""บริหารไปอีก10ปี"
26/05/58,U,ข่าวหุ้น,กสทช.รับเงิน8.4พันล้าน 22 ช่องทีวีดิจิตอลจ่ายค่าประมูลงวดสอง
25/05/58,U,ข่าวหุ้น,'กสทช.'ดับฝันช่องทีวีดิจิตอลขีดเส้นจ่ายงวด2ภายในวันนี้
21/05/58,U,ข่าวหุ้น,เปิดโผหุ้นติดSET50-100 SAWAD-MTLSซิ่งเข้าวิน
28/04/58,U,ข่าวหุ้น,NPARK โฉมใหม่เป็น U
28/04/58,U,ข่าวหุ้น,คอลัมน์ เจาะกระดาน: โค้งตัวลง
21/04/58,U,ข่าวหุ้น,NPARKเปิดศักราชใหม่ ภายใต้ร่มธงนำบีทีเอส ผุดโปรเจ็กต์หมื่น...
17/04/58,U,ข่าวหุ้น,GUNKULลุยลงทุนพลังงานลม ปันผลหุ้น-เงินสด 0.278 บาท ขึ้น XD...
08/04/58,U,ข่าวหุ้น,คอลัมน์ พลวัตปี2015: เมื่อจิ้งจกทัก
03/04/58,U,ข่าวหุ้น,"ฟิลลิปทิ้งNPARK 5.7หมื่นล้านหุ้น เปลี่ยนชื่อ ""ยู ซิตี้"""
26/03/58,U,ข่าวหุ้น,JASดึงญี่ปุ่น-เกาหลีลุย4Gมุ่งทำโมบายล์บรอดแบนด์ เล็งนำหุ้น...
23/03/58,U,ข่าวหุ้น,GUNKULเพิ่มวาระประชุมผู้ถือหุ้น ชงลงทุนโรงไฟฟ้าพลังงาน...
10/03/58,U,ข่าวหุ้น,IFECแจกวอร์ฯ-หุ้นปันผล ลุ้นปีนี้กำไรทะลัก 50 ล้าน
26/02/58,U,ข่าวหุ้น,SPVIเพิ่มสาขาอีก 7 แห่ง หนุนรายได้ปี58เพิ่ม10% จ่าย...
26/02/58,U,ข่าวหุ้น,ช้อปADVANC-INTUCH เข้าเขตขายมากเกินไป ดิวิเดนด์ยีลด์งาม-อัพ...
17/02/58,U,ข่าวหุ้น,SAMARTผลงานปี57ลุ้นกำไร1.5พันล้านธุรกิจนอกตลท.หนุน
17/02/58,U,ข่าวหุ้น,"""เอ็นพาร์ค""ขายที่4พันล้าน"
19/01/58,U,ข่าวหุ้น,SAMARTเป้ารายได้3หมื่นล้าน ได้ SIM-SAMTEL หนุน-ลุยธุรกิจ...
15/01/58,U,ข่าวหุ้น,SAMARTฮุบงานกฟผ.484ล้าน ปรับปรุงสถานีไฟฟ้าสุราษฎร์ฯ
09/01/58,U,ข่าวหุ้น,กองทุนใบโพธิ์ปลื้มทริกเกอร์2เดือนยีลด์5%
09/01/58,U,ข่าวหุ้น,"""คีรี""ส่งคนนั่งบอร์ดNPARK"
11/12/57,U,ข่าวหุ้น,SAMARTสดใสงบQ/57กระฉูดรายได้8พันล้าน
08/12/57,U,ข่าวหุ้น,คอลัมน์ เจาะกระดาน: ใกล้ปิดเกม?
04/12/57,U,ข่าวหุ้น,คอลัมน์ FUNDAMENTAL FOCUS: สามารถคอร์ปอเรชั่น แรงกระตุ้นราคา...
25/11/57,U,ข่าวหุ้น,MCลั่นปีหน้ารายได้โต20% ทุ่มงบ 300 ล้านพัฒนาไอที-ขยายสาขา
25/11/57,U,ข่าวหุ้น,PYLONคว้างานใหม่130ล้านซื้อเก็งกำไร8.45-9.70บาท
17/11/57,U,ข่าวหุ้น,คอลัมน์ หุ้นอินเทรนด์: SAMART
12/11/57,U,ข่าวหุ้น,แฟร์แฟกซ์ฯซื้อหุ้นTHREL
14/10/57,U,ข่าวหุ้น,2บลจ.ชิงส่งทริกเกอร์ตปท.SCBAM ลุยสหรัฐ-ยูโอบีลงทุนญี่ปุ่น
23/09/57,U,ข่าวหุ้น,คอลัมน์ FUNDAMENTAL FOCUS: DERIVATIVES FOCUS
17/09/57,U,ข่าวหุ้น,"PTTEPทุ่ม3,300ล้านเหรียญ รองรับแผนลงทุน 5 ปี ในประเทศพม่า"
09/09/57,U,ข่าวหุ้น,MTIเคลมรถยนต์ผ่านมือถือ หวังช่วยดันยอดเบี้ยประกันเข้าเป้า
25/08/57,U,ข่าวหุ้น,คอลัมน์ เจาะกระดาน: ตั้งฐาน
19/08/57,U,ข่าวหุ้น,TKรายได้หด10%สินเชื่อชะลอตัวคุมเข้มเอ็นพีแอล
05/08/57,U,ข่าวหุ้น,คอลัมน์ FUNDAMENTAL FOCUS: DERIVATIVES Focus
04/08/57,U,ข่าวหุ้น,TFEX Ready: Ready to Trade...Ready to Win
22/07/57,U,ข่าวหุ้น,คอลัมน์ FUNDAMENTAL FOCUS: DERIVATIVES FOCUS
15/07/57,U,ข่าวหุ้น,คอลัมน์ FUNDAMENTAL FOCUS: DERIVATIVES FOCUS
02/07/57,U,ข่าวหุ้น,คอลัมน์ FUNDAMENTAL FOCUS: DERIVATIVES FOCUS
27/06/57,U,ข่าวหุ้น,INTUCHปันผลงามครึ่งปีลุ้น2.30บาท SAMARTคาด Q2 กำไรทะลัก 400...
04/06/57,U,ข่าวหุ้น,"PYLONลั่นรายได้ปีนี้ทะลุเป้า จ่อประมูลงานใหม่ 1,500 ล้าน คาด..."
03/06/57,U,ข่าวหุ้น,SAMARTหุ้นเพิ่มทุนเทรดวันนี้ โบรกฯเชียร์ซื้อเป้า24.40บาท
03/06/57,U,ข่าวหุ้น,PYLON คว้างาน 140 ล้าน
02/06/57,U,ข่าวหุ้น,Call DW หุ้นรับเหมาฯ ขนส่งฯ และท่องเที่ยวบวกพุ่งตามหุ้นอ้าง...
22/05/57,U,ข่าวหุ้น,INTUCHเป้าหมาย99บ.ADVANCยีลด์ปันผล6%ลูกค้า3Gเกิน26ราย-กฎ...
03/04/57,U,ข่าวหุ้น,ธนชาตจัดหนักลุยขายประกันส่งสินค้าตัวใหม่
24/03/57,U,ข่าวหุ้น,TVDจับมือMOMOยักษ์ใหญ่ไต้หวันตั้งงบย่อย 'ช็อป แอท โฮม' เพิ่ม...
20/03/57,U,ข่าวหุ้น,GLANDผนึกกำลัง'บีทีเอส'ตั้ง'เบย์วอเตอร์'ลุยอสังหาฯ
17/03/57,U,ข่าวหุ้น,คอลัมน์ พลวัตปี2013: สงครามเย็นใหม่ และโอกาสของเอเชีย
06/03/57,U,ข่าวหุ้น,คอลัมน์ เจาะกระดาน: ตีเหล็กตอนร้อน!!
27/02/57,U,ข่าวหุ้น,คอลัมน์ เจาะกระดาน: หาอัญมณีในกองกรวด
12/02/57,U,ข่าวหุ้น,คอลัมน์ คุณค่าบริษัท: SNC ชะงักชั่วคราว!
11/02/57,U,ข่าวหุ้น,PYLONคว้างานใหม่116ล้านลุ้นปี56กำไร162ล้านพุ่ง152%
29/01/57,U,ข่าวหุ้น,คอลัมน์ คุณค่าบริษัท: ปีทองของ RS
13/01/57,U,ข่าวหุ้น,BEAUTYอัดงบลงทุน287ล้าน ลุยขยายสาขาทั้งใน-ตปท.ปั๊มรายได้ปี57...
13/01/57,U,ข่าวหุ้น,SAMART ฟุ้งปีนี้กำไรทะลุ 2 พันล. ครึ่งปีแรกลุยซื้อกิจการ 1...
08/01/57,U,ข่าวหุ้น,PTTEP แผน 5 ปี 5.5 แสนล้าน
26/12/56,U,ข่าวหุ้น,ผู้บริหารSPVIทิ้งหุ้นวันเทรดเมียน้องชายMD
19/12/56,U,ข่าวหุ้น,คอลัมน์ สังคมข่าวหุ้น
19/12/56,U,ข่าวหุ้น,BGHหวั่นปัญหาการเมืองปีหน้ารัดเข็มขัดการลงทุน
19/12/56,U,ข่าวหุ้น,SPVIวันนี้คึกคักราคาพุ่ง1.40บ.กำไรเกิน10ล้าน
18/12/56,U,ข่าวหุ้น,SPVIเทรด19ธ.ค.นี้เชื่อนักลงทุนตอบรับดีลุยนำเงินขยายสาขา
09/12/56,U,ข่าวหุ้น,SPVIเคาะราคาขายไอพีโอหุ้นละ0.90บ.เปิดจอง11-13ธ.ค.นี้
03/12/56,U,ข่าวหุ้น,PTTEPควัก2หมื่นล้าน!ลงทุนปิโตรเลียมอิเหนา
26/11/56,U,ข่าวหุ้น,ภาพข่าว: คอลัมน์ สังคมข่าวหุ้น: เปิดมุมมองเศรษฐกิจพม่า
22/11/56,U,ข่าวหุ้น,คอลัมน์ คุณค่าบริษัท: RS กำไรแข็งแกร่ง
19/11/56,U,ข่าวหุ้น,'เอสพีวีไอ'ลั่นแต่งตัวเล็งเข้าmaiภายในปีนี้ขายไอพีโอ110ล้าน...
07/11/56,U,ข่าวหุ้น,คอลัมน์ เจาะกระดาน: ใครจะรับผิดชอบ
04/11/56,U,ข่าวหุ้น,KAMARTลุ้นQ3ปันผล6สต. โบรกเชียร์ ซื้อ’ เป้า 9.50บาท
01/11/56,U,ข่าวหุ้น,คอลัมน์ สังคมธุรกิจ
31/10/56,U,ข่าวหุ้น,LANNAเล็งบุ๊คขายหุ้นไอพีโอ'ไทยอะโกรฯ'
22/10/56,U,ข่าวหุ้น,คอลัมน์ สังคมธุรกิจ
14/10/56,U,ข่าวหุ้น,คอลัมน์ ข่าวย่อย: PTTEP ตั้งบ.ย่อย-นิติบุคคล
14/10/56,U,ข่าวหุ้น,คอลัมน์ ข่าวย่อย: PTTEP ตั้งบ.ย่อย-นิติบุคคล
14/10/56,U,ข่าวหุ้น,ต่างชาติรุมจีบ2ล้านล้าน สนลงทุนบอนด์สกุลตปท.เร่งหารือทวิภาคี
11/10/56,U,ข่าวหุ้น,คอลัมน์ คุณค่าบริษัท: SNC ชื่อนี้ประกันคุณภาพ
08/10/56,U,ข่าวหุ้น,PTTEPผลิตซอติก้าQ4พร้อมขายก๊าซต้นปีหน้า
03/10/56,U,ข่าวหุ้น,"PTTEPพบน้ำมันดิบในเทจั๊กจั๋ง""ปตท.""ย้ำไม่เลื่อนแผนสร้างโรงงาน..."
03/10/56,U,ข่าวหุ้น,คอลัมน์ AFET Futures: ปรับฐาน รอสัญญาณ
26/09/56,U,ข่าวหุ้น,คอลัมน์ คุณค่าบริษัท: MC พื้นฐานดี
17/09/56,U,ข่าวหุ้น,LHยอดขายQ3เกิน2หมื่นล.ลุ้นปีนี้กำไรนิวไฮ1.7พันล้าน
26/08/56,U,ข่าวหุ้น,คอลัมน์ คุณค่าบริษัท: DSGT กำไรน้อย แต่สม่ำเสมอ
19/08/56,U,ข่าวหุ้น,UVลั่นครึ่งปีหลังพลิกเป็นกำไรจ่อโอนคอนโด5พันล้าน-เปิด...
06/08/56,U,ข่าวหุ้น,คอลัมน์ คุณค่าบริษัท: BCP ยังสดใส
13/06/56,U,ข่าวหุ้น,คอลัมน์ FUNDAMENTAL FOCUS: ธนาคารทหารไทย จำกัด (มหาชน) เก็บ...
06/06/56,U,ข่าวหุ้น,ภาพข่าว: คอลัมน์ สังคมข่าวหุ้น: แกรมมี่คว้าสิทธิ์ถ่ายสด U-21...
20/05/56,U,ข่าวหุ้น,ภาพข่าว: คอลัมน์ สังคมธุรกิจ: ปตท.จับมือ USEPA ลดการปล่อย...
25/04/56,U,ข่าวหุ้น,"รายงานพิเศษ: ""ทีโอที""หวัง3Gกู้วิกฤต!!!หลังหมดรายได้สัมปทาน"
26/03/56,U,ข่าวหุ้น,กรมเชื้อเพลิงฯยืนยันส่งออกน้ำมันราคาโลกไม่มีขายต่ำกว่าตลาด
04/03/56,U,ข่าวหุ้น,"ฮอนด้าปรับใหญ่ให้ ""แอคิวร่า""หวังสร้างรถหรูรสนิยมอเมริกัน..."
22/02/56,U,ข่าวหุ้น,"คอลัมน์ เจาะกระดาน: ไม่ผ่าน 1,550 จุด"
22/01/56,U,ข่าวหุ้น,คอลัมน์ สังคมธุรกิจ
02/01/56,U,ข่าวหุ้น,คอลัมน์ คุณค่าบริษัท: KSL น่าลงทุนเสมอ
28/12/55,U,ข่าวหุ้น,รายใหญ่เก็งงบ'ยูวี' บิ๊กล็อต 10.40บ.-ลุยกองอสังหา 1 หมื่นล.
19/12/55,U,ข่าวหุ้น,เสี่ย'ป.'ไล่เก็บหุ้นUV
23/11/55,U,ข่าวหุ้น,'เม่า'แข็งข้อเสี่ยเจริญGOLDเทนเนอร์รอบ2 ลุ้นมากกว่า 5.50 บาท...
16/11/55,U,ข่าวหุ้น,คอลัมน์ เทคนิคหุ้นเด่น
08/11/55,U,ข่าวหุ้น,"""CIMBT""ชูกู้บุคคลดอก9%นาน6เดือนดูดลูกค้าีเชียงใหม่"
07/11/55,U,ข่าวหุ้น,คอลัมน์ คุณค่าบริษัท: SNC ถึงเวลาฟื้นตัว
17/10/55,U,ข่าวหุ้น,คอลัมน์ มุมใหม่ตลาดทุน: SET50 Futures โฉมใหม่ (ตอนที่ 1)
16/10/55,U,ข่าวหุ้น,UVเทกGOLDสำเร็จ ไตรมาส4พลิกมีกำไร
16/10/55,U,ข่าวหุ้น,คอลัมน์ สังคมธุรกิจ
01/10/55,U,ข่าวหุ้น,คอลัมน์ สังคมธุรกิจ
26/09/55,U,ข่าวหุ้น,5หุ้นเสี่ยเจริญแรง 9เดือนราคาวิ่ง200% มาร์เก็ตแคปเพิ่มมหาศาล...
25/09/55,U,ข่าวหุ้น,บ้านปูวูบ1.5หมื่นล.ยังหาแนวรับไม่เจอ! นโยบายบันทึกค่าเสียหาย...
18/09/55,U,ข่าวหุ้น,"""แอสเซทพลัส""จัดกองผสม ลงหุ้น-บอนด์ทั่วโลก สินค้าโภคภัณฑ์"
14/09/55,U,ข่าวหุ้น,คอลัมน์ คุณค่าบริษัท: KSL เฟื่องฟูอีกรอบ
13/09/55,U,ข่าวหุ้น,TFEXฤกษ์เทรดโฉมใหม่ เซ็ต 50 ฟิวเจอร์ส-ออปชั่น-เปิด Sector...
12/09/55,U,ข่าวหุ้น,คอลัมน์ สังคมธุรกิจ
11/09/55,U,ข่าวหุ้น,LPNขายแกรนด์ยูกำไร52ล้าน
11/09/55,U,ข่าวหุ้น,UV และ GOLD กับ เสี่ยเจริญ
10/09/55,U,ข่าวหุ้น,คอลัมน์ AFTER HOURS: ดร.สมนึก สงวนสิน He is a family man...
10/09/55,U,ข่าวหุ้น,"UVเพิ่มทุนหมื่นล้านเทกโอเวอร์GOLD สถิติ""เสี่ยเจริญ"" เข้าหุ้น..."
18/07/55,U,ข่าวหุ้น,คอลัมน์ สังคมธุรกิจ
12/07/55,U,ข่าวหุ้น,คอลัมน์ สังคมธุรกิจ
06/07/55,U,ข่าวหุ้น,คอลัมน์ คุณค่าบริษัท: DSGT โตต่อเนื่อง
04/07/55,U,ข่าวหุ้น,ภาพข่าว: คอลัมน์ สังคมธุรกิจ: เปิดร้าน SCG Authorized Dealer...
21/06/55,U,ข่าวหุ้น,"""อภิชัย""เผยลูกชายซื้อหุ้นยาย แค่ปรับโครงสร้างกลุ่ม TFD..."
15/06/55,U,ข่าวหุ้น,คอลัมน์ เจาะกระดาน: แกว่ง!!
11/06/55,U,ข่าวหุ้น,TFEX: ดอลลาร์ล่วงหน้าU$D FUTURESบาทแข็ง บาทอ่อน...ก็จัดการ...
05/06/55,U,ข่าวหุ้น,TFEX: ดอลลาร์ล่วงหน้า U$D FUTURES
01/06/55,U,ข่าวหุ้น,คอลัมน์ เทคนิคหุ้นเด่น: BTS บล.ดีบีเอส วิคเคอร์ส
31/05/55,U,ข่าวหุ้น,TFEX: ดอลลาร์ล่วงหน้า U$D FUTURES
29/05/55,U,ข่าวหุ้น,TFEX: ดอลลาร์ล่วงหน้า U$D FUTURES บาทแข็ง บาทอ่อน...ก็จัดการ...
24/05/55,U,ข่าวหุ้น,TFEX:ดอลลาร์ล่วงหน้า U$D FUTURES บาทแข็ง บาทอ่อน...ก็จัดการ...
24/05/55,U,ข่าวหุ้น,คอลัมน์ คุณค่าบริษัท: SNC โตต่อเนื่อง
24/05/55,U,ข่าวหุ้น,MPIC หวนคืนชีพหนังทำเงินเข้าฉายดันรายได้ Q2 ทะลัก
16/05/55,U,ข่าวหุ้น,คอลัมน์ ขี่พายุ ทะลุฟ้า: ING กับ TMB
30/04/55,U,ข่าวหุ้น,U$D FUTURES: สัมมนาเด็ดรับการเปิดเทรด ดอลลาร์ล่วงหน้า
04/04/55,U,ข่าวหุ้น,ฟื้นบางใหญ่-กาญจนบุรี2.4หมื่นล้าน
16/03/55,U,ข่าวหุ้น,NCHตั้งเป้าโกยยอด100ล้าน ขายในงานมหกรรมบ้านและคอนโดครั้งที่...
02/03/55,U,ข่าวหุ้น,ซิกน่าฯโตพรวด เบี้ยรวมโต80% เห็นกำไรปีแรก
01/03/55,U,ข่าวหุ้น,คอลัมน์ คุณค่าบริษัท: KSL กำไรทะลัก
01/03/55,U,ข่าวหุ้น,TRUEอิบิทด้า1.7หมื่นล. ปี54โชว์รายได้รวมโต8%
29/02/55,U,ข่าวหุ้น,คอลัมน์ คุณค่าบริษัท: DSGT โตทุกปี
23/02/55,U,ข่าวหุ้น,ภาพข่าว: 4 แบบ
16/02/55,U,ข่าวหุ้น,คอลัมน์ คนการเงิน : ไม่เอาไม่พูด!!!
15/02/55,U,ข่าวหุ้น,CIMBTสินเชื่อบ้านพุ่งหมื่นล.มองไตรมาส 2 ตัวเลขวิ่ง ชี้...
15/02/55,U,ข่าวหุ้น,บีโอไอจับคู่ธุรกิจยานยนต์ไทย-พม่า
23/01/55,U,ข่าวหุ้น,คอลัมน์ คุณค่าบริษัท : MCS ยังน่าลงทุน
06/01/55,U,ข่าวหุ้น,กิตติรัตน์ ณ ระนอง กับการกิจปลดบาปยุคต้มยำกุ้ง
29/12/54,U,ข่าวหุ้น,คอลัมน์ สังคมธุรกิจ
02/12/54,U,ข่าวหุ้น,ภาพข่าว: คอลัมน์ สังคมธุรกิจ: อาร์เอสร่วมงาน Unilever Take U...
30/11/54,U,ข่าวหุ้น,ปฏิทินธุรกิจ
30/11/54,U,ข่าวหุ้น,ภาพข่าว: คอลัมน์ สังคมธุรกิจ: กระชับความสัมพันธ์ด้านพลังงาน...
22/11/54,U,ข่าวหุ้น,คอลัมน์ คุณค่าบริษัท : AJ ยังน่าสนใจ
14/11/54,U,ข่าวหุ้น,คอลัมน์ เจาะกระดานหุ้น : มีหวัง!!
03/11/54,U,ข่าวหุ้น,คอลัมน์ คุณค่าบริษัท: BCP ดีต่อเนื่อง
14/10/54,U,ข่าวหุ้น,คอลัมน์ สังคมธุรกิจ
11/10/54,U,ข่าวหุ้น,ภาพข่าว: คอลัมน์ สังคมข่าวหุ้น: ตรวจมอบคอนโด ยู ดีไลท์
10/10/54,U,ข่าวหุ้น,ปฏิทินธุรกิจ
07/10/54,U,ข่าวหุ้น,'ประเวช' เซอร์ไพรส์ นั่งเลขาฯ คปภ.คนที่2
06/10/54,U,ข่าวหุ้น,คอลัมน์ คุณค่าบริษัท : SPALI แข็งแกร่งทุกสถานการณ์
04/10/54,U,ข่าวหุ้น,ภาพข่าว: คอลัมน์ สังคมธุรกิจ: ปรับรูปลักษณ์เว็บไซต์
16/09/54,U,ข่าวหุ้น,คอลัมน์ แนะนำรถใช้งาน: 2012 Volvo Concept You รถหรูเอกลักษณ์...
02/09/54,U,ข่าวหุ้น,คอลัมน์ พลวัตปี2011: ลาวเริ่มใช้ 4G
01/09/54,U,ข่าวหุ้น,28สถาบันใหญ่ถือJAS สวนแก๊งวีไอทมิฬขาย แรงขายสะเด็ดน้ำ...
11/08/54,U,ข่าวหุ้น,คอลัมน์ คุณค่าบริษัท: MSC กำไรดีขึ้นเรื่อยๆ
01/08/54,U,ข่าวหุ้น,"คอลัมน์ โลกรถยนต์: จีเอ็มเปิดตัว ""บีท-ดีเซล 1.0 ลิตร"" ใน..."
19/07/54,U,ข่าวหุ้น,CLICK2WINคึกแมงเม่าหัดใหม่พุ่งเทรดออนไลน์สนั่น
29/06/54,U,ข่าวหุ้น,คอลัมน์ คุณค่าบริษัท: SNC กำไรโดดเด่น
24/06/54,U,ข่าวหุ้น,คอลัมน์ คุณค่าบริษัท: SAT ธุรกิจฟื้นตัวได้ดี
16/06/54,U,ข่าวหุ้น,คอลัมน์ FUNDAMENTAL FOCUS: บมจ.ซิโน-ไทย เอ็นจีเนียริ่งแอนด์...
16/06/54,U,ข่าวหุ้น,คอลัมน์ สังคมธุรกิจ
09/06/54,U,ข่าวหุ้น,คอลัมน์ คุณค่าบริษัท: MCS ยังมีกำไรสดใส
02/06/54,U,ข่าวหุ้น,ปฏิทินธุรกิจ
24/05/54,U,ข่าวหุ้น,STECคว้างานทำถนน2.4พันล้าน ปลายเดือนนี้ลุ้นได้งานสายสีแดง
25/04/54,U,ข่าวหุ้น,IRPC ผนึกพันธมิตรท่าเรือตปท.
12/04/54,U,ข่าวหุ้น,"BTSรถไฟฟ้าช่วยเงินสดคล่องมือ ทริสจัดเครดิตระดับ ""A""มอง..."
09/03/54,U,ข่าวหุ้น,คอลัมน์ เจาะกระดานหุ้น: ดูประวัติเก่าๆ!!
07/03/54,U,ข่าวหุ้น,คอลัมน์ เจาะกระดาน: ยังมีหวัง!!
21/02/54,U,ข่าวหุ้น,STECลั่นปีนี้รายได้1.4หมื่นล้าน ลุ้นเซ็นงานสร้างโรงไฟฟ้า...
17/02/54,U,ข่าวหุ้น,หุ้นก่อสร้างครึกครื้นรับเซ็นสีน้ำเงินวันนี้ STEC รายได้...
09/02/54,U,ข่าวหุ้น,คอลัมน์ คุณค่าบริษัท: SNC กำไรโดดเด่นรอบ 4 ปี
28/01/54,U,ข่าวหุ้น,คอลัมน์ คุณค่าบริษัท: MCS น่าซื้อลงทุน
28/01/54,U,ข่าวหุ้น,รฟท.ผ่านฉลุยสายสีแดงสัญญา1-2 รอเพียนงไจก้าตอบกลับ เปิดซอง...
24/01/54,U,ข่าวหุ้น,คอลัมน์ สังคมธุรกิจ
19/01/54,U,ข่าวหุ้น,คอลัมน์ คุณค่าบริษัท: SNC หุ้นร้อนแรง
18/01/54,U,ข่าวหุ้น,ITD-CKแย่งชิงเค้กงานรางสายสีแดงไร้เงาSTECลงแข่ง
17/01/54,U,ข่าวหุ้น,AITปีนี้ได้เห็น5พันล้านเชื่อ3Gช่วยโกยรายได้
04/01/54,U,ข่าวหุ้น,ITปีกระต่ายรุ่งตลาดโต20%เพิ่ม8สาขาดันกำไรพุ่ง15%
27/12/53,U,ข่าวหุ้น,คอลัมน์ คุณค่าบริษัท: SPALI ผลงานยังน่าประทับใจ
22/12/53,U,ข่าวหุ้น,คอลัมน์ คุณค่าบริษัท: AIT กำไรดีปันผลเด่น
21/12/53,U,ข่าวหุ้น,ITทุ่ม48ล้านตั้งบริษัทร่วมทุนมั่นใจปีหน้ารายได้โตเกิน10%
20/12/53,U,ข่าวหุ้น,ITทุ่ม48ล้านตั้งบริษัทร่วมทุน
20/12/53,U,ข่าวหุ้น,คอลัมน์ คุณค่าบริษัท: DSGT ผลงานเยี่ยมตามเคย
15/12/53,U,ข่าวหุ้น,EGCOทุ่ม6.5พันล้านซื้อโรงไฟฟ้าเควซอนลงทุนฮอลแลนด์เพิ่ม
14/12/53,U,ข่าวหุ้น,STECผนึกUNIQเข้าชิงสายสีแดงเอกชนเข้าซื้อซองประมูล10ราย
03/11/53,U,ข่าวหุ้น,ตารางปฏิทินกิจกรรมของกลุ่มตลาดหลักทรัพย์แห่งประเทศไทย และ...
03/11/53,U,ข่าวหุ้น,คอลัมน์ สังคมธุรกิจ
21/10/53,U,ข่าวหุ้น,คอลัมน์ คุณค่าบริษัท: MCS กำไรเพิ่มขึ้นต่อเนื่อง
14/10/53,U,ข่าวหุ้น,คอลัมน์ คุณค่าบริษัท: SNC กำไรสวยต่อเนื่อง
21/09/53,U,ข่าวหุ้น,คอลัมน์ คุณค่าบริษัท: MCOT รายได้เติบโตดี
20/09/53,U,ข่าวหุ้น,คอลัมน์ คุณค่าบริษัท: DSGT ได้เวลาขึ้นรอบใหม่
20/09/53,U,ข่าวหุ้น,คอลัมน์ วิเคราะห์ฟิวเจอร์สกับ SSEC
15/09/53,U,ข่าวหุ้น,ภาพข่าว: คอลัมน์ สังคมข่าวหุ้น: Happy Ring 4U
13/09/53,U,ข่าวหุ้น,วิเคราะห์ฟิวเจอร์สกับ SSEC
30/08/53,U,ข่าวหุ้น,วิเคราะห์ฟิวเจอร์สกับ SSEC
23/08/53,U,ข่าวหุ้น,คอลัมน์ วิเคราะห์ฟิวเจอร์สกับ SSEC
20/08/53,U,ข่าวหุ้น,ภาพข่าว: คอลัมน์ สังคมข่าวหุ้น: ศึกนัดฟาดแข้ง กองเชียร์...
10/08/53,U,ข่าวหุ้น,ภาพข่าว: รุกเพิ่มยอด
09/08/53,U,ข่าวหุ้น,คอลัมน์ คุณค่าบริษัท: PHATRA รายได้สดใส
06/08/53,U,ข่าวหุ้น,IFAออกโรงเตือนผู้ถือหุ้นSSE ไม่ควรอนุมัติการซื้อหุ้น EPCO
30/07/53,U,ข่าวหุ้น,“ไทย-พม่า”เซ็นซื้อขายก๊าซแหล่งM9วันนี้
29/07/53,U,ข่าวหุ้น,กลต.ออกโรงเตือนผู้ถือหุ้นดูรอบด้านแผนซื้อหุ้นEPCO
28/07/53,U,ข่าวหุ้น,ที่ปรึกษารับราคาEPCOเหมาะสมเตือนผู้ถือหุ้นSSEค้านแผนซื้อหุ้น
15/06/53,U,ข่าวหุ้น,SPACKบุ๊ค253ล้านขายEPCO
07/06/53,U,ข่าวหุ้น,คอลัมน์ คุณค่าบริษัท: SPALIธุรกิจประสบความสำเร็จ
04/06/53,U,ข่าวหุ้น,แนะซื้อหุ้นรับเหมาก่อสร้าง
02/06/53,U,ข่าวหุ้น,คุณค่าบริษัท: GLOW กำไรดีหนี้สินหายห่วง
18/05/53,U,ข่าวหุ้น,คอลัมน์ คุณค่าบริษัท: PHATRA รายได้ยังสดใส
07/05/53,U,ข่าวหุ้น,คอลัมน์ พลวัตปี2010: มาเฟียความเสี่ยง กับ ใบตองแห้ง
26/04/53,U,ข่าวหุ้น,ภาพข่าว: คอลัมน์ สังคมธุรกิจ: แคนนอนปฏิวัติตลาดเครื่องสแกน
23/04/53,U,ข่าวหุ้น,ปฏิทินธุรกิจ
29/03/53,U,ข่าวหุ้น,ฮอนด้าส่งต้นแบบอีโคคาร์โชว์ตัว ตั้งป้อมผลิตที่อยุธยา พร้อม...
24/03/53,U,ข่าวหุ้น,ทุนใหม่ซื้อEPCO2บาท SPACKกำไร130ล้าน
09/03/53,U,ข่าวหุ้น,ภาพข่าว: คอลัมน์ สังคมข่าวหุ้น: มหกรรม Homeworks Expo 2010
04/03/53,U,ข่าวหุ้น,คอลัมน์ คุณค่าบริษัท : GLOW แผนงานสวยกำไรแจ่ม
05/02/53,U,ข่าวหุ้น,คอลัมน์ คุณค่าบริษัท: PHATRA กำไรสดใส
29/01/53,U,ข่าวหุ้น,คอลัมน์ สังคมธุรกิจ
18/01/53,U,ข่าวหุ้น,คอลัมน์ คุณค่าบริษัท : GLOW กำไรยังดูดี
07/01/53,U,ข่าวหุ้น,คอลัมน์ คุณค่าบริษัท: DSGT ผลงานเยี่ยมตามเคย
25/12/52,U,ข่าวหุ้น,DTAC-AISการันตีสัญญาณไม่ติด เตรียมเน็ตเวิร์กคืนเค้าท์ดาวน์...
24/12/52,U,ข่าวหุ้น,คอลัมน์ คุณค่าบริษัท : AP โตได้เรื่อยๆ
22/12/52,U,ข่าวหุ้น,JAS อัดแคมเปญทิ้งทวนส่งท้ายปี อัพสปีดเน็ตหนีคู่แข่ง กระตุ้น...
22/12/52,U,ข่าวหุ้น,คอลัมน์ สังคมธุรกิจ
18/12/52,U,ข่าวหุ้น,ปฏิทินธุรกิจ
17/12/52,U,ข่าวหุ้น,PLEอนุมัติเพิ่มทุน546ล้านหุ้น โบรกฯหวั่นเกิดไดลูทสูง50%
14/12/52,U,ข่าวหุ้น,คอลัมน์ คุณค่าบริษัท : SPALI ยอดขายสูงอย่างรวดเร็ว
03/12/52,U,ข่าวหุ้น,คอลัมน์ คุณค่าบริษัท : MCS น่าซื้อลงทุน
02/12/52,U,ข่าวหุ้น,คอลัมน์ คุณค่าบริษัท: CENTEL ธุรกิจเริ่มฟื้นตัว
01/12/52,U,ข่าวหุ้น,CK-PLE-STECปัดเอี่ยววิกฤติดูไบ ตลท.สั่งบจ.แจงหวั่นซ้ำเลห์...
01/12/52,U,ข่าวหุ้น,ปฏิทินธุรกิจ
16/11/52,U,ข่าวหุ้น,คอลัมน์ แนะนำรถใช้งาน: Artega GT สปอร์ตดุในราคาไม่แรง
12/11/52,U,ข่าวหุ้น,คอลัมน์ คุณค่าบริษัท: AIM เริ่มออกลาย!!
14/10/52,U,ข่าวหุ้น,ปตท.เร่งซ่อมท่อก๊าซฯบงกช การันตี19ต.ค.ส่งได้ ต้นผลิตไฟฟ้า...
06/10/52,U,ข่าวหุ้น,คอลัมน์ DERIVATIVES Delivery
05/10/52,U,ข่าวหุ้น,คอลัมน์ DERIVATIVES Delivery
02/10/52,U,ข่าวหุ้น,คอลัมน์ DERIVATIVES Delivery: กลยุทธ์ : ลุ้นสร้าง New High
02/10/52,U,ข่าวหุ้น,คอลัมน์ คุณค่าบริษัท: AP ธุรกิจเดินหน้าตามแผน
29/09/52,U,ข่าวหุ้น,ภาพข่าว: นวัตกรรมใหม่
28/09/52,U,ข่าวหุ้น,วิเคราะห์ฟิวเจอร์สกับ SSEC
25/09/52,U,ข่าวหุ้น,คอลัมน์ DERIVATIVES Delivery: กลยุทธ์ : ตัว Z ยังไปได้ต่อ
24/09/52,U,ข่าวหุ้น,คอลัมน์ DERIVATIVES Delivery: กลยุทธ์ : เปลี่ยนสัญญาเป็น Z
23/09/52,U,ข่าวหุ้น,คอลัมน์ DERIVATIVES Delivery: กลยุทธ์ : ตัว U สร้าง New High...
22/09/52,U,ข่าวหุ้น,คอลัมน์ DERIVATIVES Delivery
21/09/52,U,ข่าวหุ้น,คอลัมน์ DERIVATIVES Delivery กลยุทธ์ประจำสัปดาห์: เปิด Long...
18/09/52,U,ข่าวหุ้น,คอลัมน์ DERIVATIVES Delivery
17/09/52,U,ข่าวหุ้น,คอลัมน์ DERIVATIVES Delivery
16/09/52,U,ข่าวหุ้น,คอลัมน์ DERIVATIVES Delivery: กลยุทธ์ : ตัว U จะไปต่อ ให้...
16/09/52,U,ข่าวหุ้น,"ACLเผด็จศึกก่อนสคิป `ชาตรี""ปาดหน้าคลัง ICBCไม่..."
15/09/52,U,ข่าวหุ้น,คอลัมน์ DERIVATIVES Delivery
14/09/52,U,ข่าวหุ้น,คอลัมน์ DERIVATIVES Delivery
14/09/52,U,ข่าวหุ้น,คอลัมน์ วิเคราะห์ฟิวเจอร์สกับ SSEC
11/09/52,U,ข่าวหุ้น,คอลัมน์ DERIVATIVES Delivery: กลยุทธ์ : รอ Long เมื่ออ่อนตัว
10/09/52,U,ข่าวหุ้น,คอลัมน์ DERIVATIVES Delivery
09/09/52,U,ข่าวหุ้น,คอลัมน์ DERIVATIVES Delivery: กลยุทธ์ : ทดสอบ 500 จุด
09/09/52,U,ข่าวหุ้น,คอลัมน์ คุณค่าบริษัท: จุดเด่น IRP ต้องยกให้เรื่องกำไร
08/09/52,U,ข่าวหุ้น,คอลัมน์ DERIVATIVES Delivery
07/09/52,U,ข่าวหุ้น,คอลัมน์ DERIVATIVES Delivery กลยุทธ์ประจำสัปดาห์: Long ตาม...
07/09/52,U,ข่าวหุ้น,วิเคราะห์ฟิวเจอร์สกับ SSEC
04/09/52,U,ข่าวหุ้น,คอลัมน์ DERIVATIVES Delivery: กลยุทธ์ : ถ้าไม่สร้าง New High...
03/09/52,U,ข่าวหุ้น,คอลัมน์ DERIVATIVES Delivery
02/09/52,U,ข่าวหุ้น,"""เครือซีพี""ห่วงการเมืองฉุดเศรษฐกิจ:จี้รัฐพัฒนา""ชลประทาน""..."
02/09/52,U,ข่าวหุ้น,คอลัมน์ DERIVATIVES Delivery
01/09/52,U,ข่าวหุ้น,คอลัมน์ DERIVATIVES Delivery: กลยุทธ์ : เล่นสั้นไปก่อน
31/08/52,U,ข่าวหุ้น,วิเคราะห์ฟิวเจอร์สกับ SSEC
31/08/52,U,ข่าวหุ้น,คอลัมน์ DERIVATIVES Delivery: กลยุทธ์ประจำสัปดาห์: Trading...
28/08/52,U,ข่าวหุ้น,คอลัมน์ DERIVATIVES Delivery
27/08/52,U,ข่าวหุ้น,คอลัมน์ DERIVATIVES Delivery
26/08/52,U,ข่าวหุ้น,คอลัมน์ DERIVATIVES Delivery: กลยุทธ์ : ทดสอบ High เดิม 472
26/08/52,U,ข่าวหุ้น,คอลัมน์ คุณค่าบริษัท: GLOW โดดเด่นต่อเนื่อง
25/08/52,U,ข่าวหุ้น,คอลัมน์ DERIVATIVES Delivery: กลยุทธ์ : ปิด GAP 457
24/08/52,U,ข่าวหุ้น,คอลัมน์ DERIVATIVES Delivery
24/08/52,U,ข่าวหุ้น,คอลัมน์ วิเคราะห์ฟิวเจอร์สกับ SSEC
24/08/52,U,ข่าวหุ้น,LHลั่นรายได้ขายปีนี้ดีกว่าเป้า เชื่อยอดขายฟื้นตัว ครึ่งหลัง...
21/08/52,U,ข่าวหุ้น,คอลัมน์ Derivatives Delivery: กลยุทธ์: GAP 458-464 แนวเปิด...
20/08/52,U,ข่าวหุ้น,คอลัมน์ DERIVATIVES Delivery
19/08/52,U,ข่าวหุ้น,คอลัมน์ DERIVATIVES Delivery
18/08/52,U,ข่าวหุ้น,คอลัมน์ DERIVATIVES Delivery: กลยุทธ์ : Selling Signal มา...
17/08/52,U,ข่าวหุ้น,คอลัมน์ DERIVATIVES Delivery: กลยุทธ์ : อยู่ Long เมื่อยืน...
17/08/52,U,ข่าวหุ้น,คอลัมน์ วิเคราะห์ฟิวเจอร์สกับ SSEC
14/08/52,U,ข่าวหุ้น,คอลัมน์ DERIVATIVES Delivery: กลยุทธ์ : เปิด Long เพิ่ม ให้...
13/08/52,U,ข่าวหุ้น,คอลัมน์ DERIVATIVES Delivery
13/08/52,U,ข่าวหุ้น,คอลัมน์ คุณค่าบริษัท : PHATRA ธุรกิจนายหน้าฉุดกำไร
11/08/52,U,ข่าวหุ้น,คอลัมน์ DERIVATIVES Delivery
10/08/52,U,ข่าวหุ้น,คอลัมน์ วิเคราะห์ฟิวเจอร์สกับ SSEC
10/08/52,U,ข่าวหุ้น,คอลัมน์ DERIVATIVES Delivery
10/08/52,U,ข่าวหุ้น,คอลัมน์ แนะนำรถใช้งาน: MAZDA Mx-5 ตัวครบรอบ20ปีมาแล้ว
07/08/52,U,ข่าวหุ้น,คอลัมน์ DERIVATIVES Delivery
06/08/52,U,ข่าวหุ้น,คอลัมน์ DERIVATIVES Delivery: กลยุทธ์ : 453 จุด ยังไปต่อ
05/08/52,U,ข่าวหุ้น,คอลัมน์ DERIVATIVES Delivery: กลยุทธ์ : ดัชนีใกล้ปรับฐาน
05/08/52,U,ข่าวหุ้น,"AISรุกเว็บไซด์โลกเสมือนจริง ประเดิม""อุ่นใจช่วยได้"" พร้อม..."
04/08/52,U,ข่าวหุ้น,คอลัมน์ DERIVATIVES Delivery
03/08/52,U,ข่าวหุ้น,คอลัมน์ DERIVATIVES Delivery: กลยุทธ์ : ผันผวน แต่โอกาส...
03/08/52,U,ข่าวหุ้น,คอลัมน์ วิเคราะห์ฟิวเจอร์สกับ SSEC
31/07/52,U,ข่าวหุ้น,คอลัมน์ DERIVATIVES Delivery
30/07/52,U,ข่าวหุ้น,คอลัมน์ DERIVATIVES Delivery
30/07/52,U,ข่าวหุ้น,ปฏิทินธุรกิจ
29/07/52,U,ข่าวหุ้น,คอลัมน์ DERIVATIVES Delivery: กลยุทธ์ : เปิด Short เหนือแนว...
28/07/52,U,ข่าวหุ้น,คอลัมน์ DERIVATIVES Delivery: กลยุทธ์ : แรงขายยังหนาแน่น รอ...
27/07/52,U,ข่าวหุ้น,คอลัมน์ DERIVATIVES Delivery: กลยุทธ์ : 443 ยังผ่านยาก
24/07/52,U,ข่าวหุ้น,คอลัมน์ DERIVATIVES Delivery: กลยุทธ์ : รอ Short ที่ 443
23/07/52,U,ข่าวหุ้น,คอลัมน์ DERIVATIVES Delivery: กลยุทธ์ : อย่าหลุด 420
23/07/52,U,ข่าวหุ้น,คอลัมน์ แนะนำรถใช้งาน: MEGANE Sport Tourer ยอดเอสเตทสาย...
22/07/52,U,ข่าวหุ้น,คอลัมน์ DERIVATIVES Delivery: กลยุทธ์ : ไม่ผ่าน 440 ให้ทยอย...
21/07/52,U,ข่าวหุ้น,คอลัมน์ DERIVATIVES Delivery: กลยุทธ์ : Trading Long ให้ดู...
20/07/52,U,ข่าวหุ้น,คอลัมน์ DERIVATIVES Delivery: กลยุทธ์ : ดูค่า Basis ด้วย
20/07/52,U,ข่าวหุ้น,คอลัมน์ วิเคราะห์ฟิวเจอร์สกับ SSEC
17/07/52,U,ข่าวหุ้น,คอลัมน์ DERIVATIVES Delivery: กลยุทธ์ : จบรอบ Rebound
16/07/52,U,ข่าวหุ้น,คอลัมน์ DERIVATIVES Delivery: กลยุทธ์ : ดูทิศทางที่ 420
15/07/52,U,ข่าวหุ้น,คอลัมน์ DERIVATIVES Delivery: กลยุทธ์ : Rebound ได้สั้นๆ
15/07/52,U,ข่าวหุ้น,คอลัมน์ คุณค่าบริษัท: SPALI กำไรไม่ธรรมดา
14/07/52,U,ข่าวหุ้น,คอลัมน์ DERIVATIVES Delivery: กลยุทธ์ : ยังให้เน้น Short
13/07/52,U,ข่าวหุ้น,คอลัมน์ DERIVATIVES Delivery: กลยุทธ์ : New Low ให้ Short...
13/07/52,U,ข่าวหุ้น,คอลัมน์ วิเคราะห์ฟิวเจอร์สกับบริษัทหลักทรัพย์ ซิกโก้ จำกัด...
13/07/52,U,ข่าวหุ้น,คอลัมน์ สัญญาณหุ้น: บล.กรุงศรีอยุธยา แนะนำ PTTEP
10/07/52,U,ข่าวหุ้น,คอลัมน์ DERIVATIVES Delivery: กลยุทธ์ : Rebound เปิด Short...
10/07/52,U,ข่าวหุ้น,ADVANCรับสภาพครึ่งหลังทรงตัว รุกเจาะฐานลูกค้าองค์กร ปั้น...
09/07/52,U,ข่าวหุ้น,คอลัมน์ DERIVATIVES Delivery: กลยุทธ์ : 395 ไม่เด้งก็เดี้ยง
08/07/52,U,ข่าวหุ้น,คอลัมน์ DERIVATIVES Delivery
03/07/52,U,ข่าวหุ้น,คอลัมน์ DERIVATIVES Delivery: กลยุทธ์ : Selling Signal มา...
02/07/52,U,ข่าวหุ้น,คอลัมน์ DERIVATIVES Delivery: กลยุทธ์ : หากหลุด 420 เปิด...
02/07/52,U,ข่าวหุ้น,คอลัมน์ คุณค่าบริษัท: LPN เสน่ห์น่าหลงไหล
02/07/52,U,ข่าวหุ้น,คอลัมน์ สังคมธุรกิจ
30/06/52,U,ข่าวหุ้น,คอลัมน์ คุณค่าบริษัท : APน่าลงทุน
30/06/52,U,ข่าวหุ้น,คอลัมน์ พลวัตปี 2009: ซากศพคืนชีพ
29/06/52,U,ข่าวหุ้น,วิเคราะห์ฟิวเจอร์สกับ SSEC
22/06/52,U,ข่าวหุ้น,คอลัมน์ คุณค่าบริษัท : GLOW โดดเด่นในกลุ่มโรงไฟฟ้า
22/06/52,U,ข่าวหุ้น,รายงานพิเศษ: เปิด 11 หุ้น Stock Futures เรื่องเก่าแต่ครบสูตร...
17/06/52,U,ข่าวหุ้น,คอลัมน์ พลวัตปี 2009 : รัสเซียน รูเล็ตต์
16/06/52,U,ข่าวหุ้น,ปฏิทินธุรกิจ
22/05/52,U,ข่าวหุ้น,คอลัมน์ คุณค่าบริษัท: PHATRA ยังมีกำไร
11/05/52,U,ข่าวหุ้น,"ICBCขอคลังซื้อACL ราคาไม่ต่ำกว่า10บ. รอแค่""กรณ์""ไฟเขียว SCIB..."
11/05/52,U,ข่าวหุ้น,กลุ่มปตท.ลั่นปิโตรฟื้น ดีมานด์จีนกำลังทะลัก
04/05/52,U,ข่าวหุ้น,คลังดับฝันสินเอเซีย ห้ามต่างชาติถือ 49%
24/04/52,U,ข่าวหุ้น,คอลัมน์ คุณค่าบริษัท: TIPCO ยอดขายกระฉูด
23/04/52,U,ข่าวหุ้น,คอลัมน์ คุณค่าบริษัท: SNC สภาพคล่องดูดี
16/04/52,U,ข่าวหุ้น,"จีเอ็มผนึกเซกเวย์ ทำโครงการ""พูม่า"" พัฒนายานยนต์2ล้อ"
10/04/52,U,ข่าวหุ้น,RS-DTACบุกชิงตลาดนอนวอยซ์ ตลุยส่งโหลดเพลงรอสายไม่อั้น
24/03/52,U,ข่าวหุ้น,คอลัมน์ คุณค่าบริษัท : CENTEL ธุรกิจยังซบเซา
19/03/52,U,ข่าวหุ้น,คอลัมน์ รายงานพิเศษ: สุภัค ศิวะรักษ์ กับบทบาทผู้บังคับหาง...
19/03/52,U,ข่าวหุ้น,คอลัมน์ เส้นทางมีอาชีพ
16/03/52,U,ข่าวหุ้น,คอลัมน์ คุณค่าบริษัท: IRP หนี้สินไม่ใช่ปัญหา
10/03/52,U,ข่าวหุ้น,คอลัมน์ คุณค่าบริษัท: GLOW กำไรชะลอตัว
02/03/52,U,ข่าวหุ้น,คอลัมน์ คุณค่าบริษัท: NOBLE รายได้ขยายตัวดี
25/02/52,U,ข่าวหุ้น,คอลัมน์ ขี่พายุ ทะลุฟ้า: โทษรัฐบาลอภิสิทธิ์ไม่ได้
24/02/52,U,ข่าวหุ้น,คอลัมน์ คุณค่าบริษัท: MCS ฐานะการเงินแกร่ง
24/02/52,U,ข่าวหุ้น,ภาพข่าว: คอลัมน์ สังคมข่าวหุ้น: มหกรรมกีฬาการกุศล
17/02/52,U,ข่าวหุ้น,คอลัมน์ คุณค่าบริษัท: BSEC กำไรไม่หรูแต่ดูแลลูกค้าเยี่ยม
16/02/52,U,ข่าวหุ้น,คลังโละหุ้น 14 สิงหา ทยอยขาย ACL-TMB
13/02/52,U,ข่าวหุ้น,คุณค่าบริษัท: PHATRA กำไรน่าผิดหวัง
11/02/52,U,ข่าวหุ้น,คุณค่าบริษัท: ACL ยังประคองธุรกิจได้ดี
10/02/52,U,ข่าวหุ้น,คอลัมน์ FUNDAMENTAL FOCUS: ธนาคารกรุงศรีอยุธยา จำกัด (มหาชน)
02/02/52,U,ข่าวหุ้น,คอลัมน์ สังคมข่าวหุ้น
20/01/52,U,ข่าวหุ้น,ภาพข่าว: คอลัมน์ สังคมข่าวหุ้น: ศิษย์เก่าดีเด่นคนแรกของ...
14/01/52,U,ข่าวหุ้น,คอลัมน์ คุณค่าบริษัท: LPN ยืนหยัดได้มั่นคง
14/01/52,U,ข่าวหุ้น,ปฏิทินธุรกิจ
07/01/52,U,ข่าวหุ้น,คอลัมน์ สัญญาณหุ้น: บล.ธนชาต PTTEP
05/01/52,U,ข่าวหุ้น,ปีแห่งความผันผวน! ดาวโจนส์กระตุ้นสั้นๆ หุ้นราคาถูกเกลื่อน...
30/12/51,U,ข่าวหุ้น,คอลัมน์ คุณค่าบริษัท: PS ยอดขายโตต่อเนื่อง
29/12/51,U,ข่าวหุ้น,คอลัมน์ คุณค่าบริษัท: SPALI ธุรกิจขยายตัวดี
26/12/51,U,ข่าวหุ้น,คอลัมน์ คุณค่าบริษัท: AP สภาพคล่องเยี่ยม
18/12/51,U,ข่าวหุ้น,คอลัมน์ คุณค่าบริษัท: MAJOR กำไรลดฮวบ
15/12/51,U,ข่าวหุ้น,คอลัมน์ คุณค่าบริษัท: MCS หุ้นดีที่ถูกเมิน
18/11/51,U,ข่าวหุ้น,คอลัมน์ คุณค่าบริษัท: GLOW ศักยภาพทำกำไรยังดี
17/11/51,U,ข่าวหุ้น,คอลัมน์ คุณค่าบริษัท: KGI ผลการดำเนินงานย่ำแย่
11/11/51,U,ข่าวหุ้น,N-PARK เล็งยื่นอุทธรณ์คดีแพ่ง ไทยสมุทรฯฟ้องมูลหนี้260ล้าน
07/11/51,U,ข่าวหุ้น,คอลัมน์ คุณค่าบริษัท: PHATRA 9 เดือนรายได้ยังหด
06/11/51,U,ข่าวหุ้น,คอลัมน์ คุณค่าบริษัท: TISCO มุ่งขยายธุรกิจต่อเนื่อง
21/10/51,U,ข่าวหุ้น,คอลัมน์ คุณค่าบริษัท: MCS ธุรกิจยังอยยู่ในเกณฑ์ดี
30/09/51,U,ข่าวหุ้น,คอลัมน์ คุณค่าบริษัท: MAJOR ฐานะการเงินยังเยี่ยม
25/09/51,U,ข่าวหุ้น,คอลัมน์ หุ้นอินเทรนด์: WORK
23/09/51,U,ข่าวหุ้น,คอลัมน์ หุ้นอินเทรนด์: WORK
02/09/51,U,ข่าวหุ้น,คอลัมน์ คุณค่าบริษัท: ครึ่งปีแรก NOBLE กำไรแข็งแกร่ง
29/08/51,U,ข่าวหุ้น,คอลัมน์ คุณค่าบริษัท: GLOW ระยะยาวยังสดใส
25/08/51,U,ข่าวหุ้น,"คลังไม่อนุมัติ`สินเอเซีย"" มีต่างชาติถือหุ้นเกิน49%"
22/08/51,U,ข่าวหุ้น,คอลัมน์ คุณค่าบริษัท: ASP รายได้สวนภาวะตลาดฯ
21/08/51,U,ข่าวหุ้น,คอลัมน์ ย่อยข่าว
06/08/51,U,ข่าวหุ้น,คอลัมน์ คุณค่าบริษัท: KEST กำไรครึ่งปีแรกแจ่ม
06/08/51,U,ข่าวหุ้น,"ภาพข่าว: ""M-150 U7 Invitation Cup 2008"""
05/08/51,U,ข่าวหุ้น,คอลัมน์ คุณค่าบริษัท: PHATRA ห้ามมองข้าม
04/08/51,U,ข่าวหุ้น,วิเคราะห์ฟิวเจอร์สกับ SSEC
04/08/51,U,ข่าวหุ้น,คอลัมน์ คุณค่าบริษัท: ACL โตค่อยเป็นค่อยไป
29/07/51,U,ข่าวหุ้น,ปฏิทินธุรกิจ
28/07/51,U,ข่าวหุ้น,วิเคราะห์ฟิวเจอร์สกับ SSEC
25/07/51,U,ข่าวหุ้น,คอลัมน์ คุณค่าบริษัท: TISCO สินเชื่อขยายตัวดี
16/07/51,U,ข่าวหุ้น,คอลัมน์ ทางมืออาชีพ
08/07/51,U,ข่าวหุ้น,DEMCO โบรกเชียร์ซื้อ เป้าหมาย5.30บาท Q2แบ็กล็อก600ล้าน
30/06/51,U,ข่าวหุ้น,วิเคราะห์ฟิวเจอร์สกับ SSEC
27/06/51,U,ข่าวหุ้น,ICBC ขอรวบหุ้นสินเอเซีย ขอซื้ออีก30%จากคลัง ต้องการคุมงาน...
23/06/51,U,ข่าวหุ้น,คอลัมน์ วิเคราะห์ฟิวเจอร์สกับ SSEC
23/06/51,U,ข่าวหุ้น,คอลัมน์ คุณค่าบริษัท: AP อนาคตยังสดใส
17/06/51,U,ข่าวหุ้น,คอลัมน์ คุณค่าบริษัท: SNC กำไรลดเรื่องเล็ก
17/06/51,U,ข่าวหุ้น,คอลัมน์ สัญญาณหุ้น: บล.ยูไนเต็ด BEC
09/06/51,U,ข่าวหุ้น,คอลัมน์ คุณค่าบริษัท: JAS น่าซื้อเก็งกำไร
09/06/51,U,ข่าวหุ้น,เส้นทางมืออาชีพ
30/05/51,U,ข่าวหุ้น,คอลัมน์ คุณค่าบริษัท: ASP เป้าหมายธุรกิจยังชัดเจน
21/05/51,U,ข่าวหุ้น,"ภาพข่าว: ช่วยภัย ""นาร์กีส"""
12/05/51,U,ข่าวหุ้น,คอลัมน์ คุณค่าบริษัท: LPN พื้นฐานยังแกร่ง
08/05/51,U,ข่าวหุ้น,คอลัมน์ คุณค่าบริษัท: KEST รุกหน้าเต็มตัว
02/05/51,U,ข่าวหุ้น,คอลัมน์ เจาะกระดาน: เว่อร์สุด ๆ
24/04/51,U,ข่าวหุ้น,BEC เชื่อครึ่งปี 51 กำไรเกินหันล้าน เอเยนซี่แห่จองเวลาเพียบ...
21/04/51,U,ข่าวหุ้น,คอลัมน์ คุณค่าบริษัท: IT เล็กพริกขี้หนู
17/04/51,U,ข่าวหุ้น,คอลัมน์ สัญญาณหุ้น: บล.โกลเบล็ก FORTH
10/04/51,U,ข่าวหุ้น,คอลัมน์ คุณค่าบริษัท: MK ฐานะการเงินแกร่ง
31/03/51,U,ข่าวหุ้น,คอลัมน์ เส้นทางมืออาชีพ
31/03/51,U,ข่าวหุ้น,คอลัมน์ คุณค่าบริษัท: MCS ไม่มีหนี้รุมเร้า
27/03/51,U,ข่าวหุ้น,คอลัมน์ เส้นทางมืออาชีพ
19/03/51,U,ข่าวหุ้น,คอลัมน์ พลวัตปี 2008: โลกที่ไร้ดอลลาร์?
18/03/51,U,ข่าวหุ้น,คอลัมน์ คุณค่าบริษัท: JAS สภาพคล่องยังสวย
11/03/51,U,ข่าวหุ้น,คอลัมน์ คุณค่าบริษัท: GLOW พื้นฐานแกร่ง
04/03/51,U,ข่าวหุ้น,คอลัมน์ สัญญาณหุ้น: บล.ดีบีเอส วิคเคอร์ส PLE
28/02/51,U,ข่าวหุ้น,คอลัมน์ สังคมธุรกิจ
27/02/51,U,ข่าวหุ้น,คอลัมน์ เส้นทางมืออาชีพ
25/02/51,U,ข่าวหุ้น,คอลัมน์ เส้นทางมืออาชีพ
13/02/51,U,ข่าวหุ้น,คอลัมน์ เส้นทางมืออาชีพ
08/02/51,U,ข่าวหุ้น,คอลัมน์ สังคมธุรกิจ
07/02/51,U,ข่าวหุ้น,คอลัมน์ สัญญาณหุ้น: บล.เคจีไอ MAKRO
07/02/51,U,ข่าวหุ้น,คอลัมน์ สัญญาณหุ้น: บล.แอ๊ดคินซัน BAFS
07/02/51,U,ข่าวหุ้น,คอลัมน์ สัญญาณหุ้น: บล.สินเอเซีย IRPC
07/02/51,U,ข่าวหุ้น,คอลัมน์ สัญญาณหุ้น: บล.กรุงศรีอยุธยา BH
07/02/51,U,ข่าวหุ้น,คอลัมน์ เส้นทางมืออาชีพ
04/02/51,U,ข่าวหุ้น,คอลัมน์ วิเคราะห์ฟิวเจอร์สกับ SSEC
25/01/51,U,ข่าวหุ้น,"""พิชญ์""แอบขายJAS ล๊อตเดียว77ล้านหุ้น แผนธุรกิจเห็นไม่ชัด"
24/01/51,U,ข่าวหุ้น,คอลัมน์ เส้นทางมืออาชีพ
09/01/51,U,ข่าวหุ้น,คอลัมน์ ย่อยข่าว
04/01/51,U,ข่าวหุ้น,รายงาน: QH หุ้นฮอตสุดในกลุ่มอสังหาฯ ปี50ราคาปรับสูงสุด85.96%
27/12/50,U,ข่าวหุ้น,หนี้กองทุนฯ เกลี้ยง ปรับลดแก๊สโซฮอล์
13/12/50,U,ข่าวหุ้น,"อาดามัส มีเดีย ""รีโมเดลธุรกิจ"" ดันรายได้350ล."
03/12/50,U,ข่าวหุ้น,คอลัมน์ คุณค่าบริษัท: HEMRAJ ประสิทธิทำกำไรดี
01/11/50,U,ข่าวหุ้น,คอลัมน์ คุณค่าบริษัท: DCC ไม่มีหวั่นไหว
03/09/50,U,ข่าวหุ้น,คอลัมน์ สัญญาณหุ้น: SAT: บล.ฟาร์อีสท์
30/08/50,U,ข่าวหุ้น,คอลัมน์ สัญญาณหุ้น: KTC    บล.บัวหลวง
14/08/50,U,ข่าวหุ้น,คอลัมน์ คุณค่าบริษัท: LPN เน้นตลาดใหม่ หนีคู่แข่ง
07/08/50,U,ข่าวหุ้น,คอลัมน์ คุณค่าบริษัท: DCC นาทีนี้ไม่มีเซ
02/08/50,U,ข่าวหุ้น,"เฮดจ์ฟันด์20รายลุยหุ้นสนใจ""แบงก์-อสังหา"""
11/07/50,U,ข่าวหุ้น,ภาพข่าว: ดีแทค จับมือ โนบี้คลับ
11/07/50,U,ข่าวหุ้น,เปิดกลยุทธ์ RS ลุย Sport Marketing เดินหมากดาวกระจาย แตก...
10/07/50,U,ข่าวหุ้น,คอลัมน์ คุณค่าบริษัท: ITเติบโตได้เรื่อยๆ
09/07/50,U,ข่าวหุ้น,คอลัมน์ FUNDAMENTAL FOCUS
02/07/50,U,ข่าวหุ้น,ปตท.เบื่อรอเชฟรอนดัน SPRC เข้าตลาดปีนี้
22/06/50,U,ข่าวหุ้น,พลังงานส่งซิกค่าไฟจ่อปรับเพิ่ม ต่ออายุสัมปทานเชฟรอน-บงกช
11/06/50,U,ข่าวหุ้น,คอลัมน์ วิเคราะห์ฟิวเจอร์กับบริษัทหลักทรัพย์ ซิกโก้ จำกัด...
15/05/50,U,ข่าวหุ้น,คอลัมน์ FUNDAMENTAL FOCUS
24/04/50,U,ข่าวหุ้น,คอลัมน์ FUNDAMENTAL FOCUS: SET50 Index Futures
19/04/50,U,ข่าวหุ้น,คอลัมน์ FUNDAMENTAL FOCUS: บมจ.เพาเวอร์ไลน์ เอ็นจิเนียริ่ง...
19/04/50,U,ข่าวหุ้น,NFC ตัดใจขายทิ้งธุรกิจปุ๋ยเคมี เบนเข็มลงทุนคลังสินค้าเหลว
10/04/50,U,ข่าวหุ้น,คอลัมน์ FUNDAMENTAL FOCUS
03/04/50,U,ข่าวหุ้น,คอลัมน์ FUNDAMENTAL FOCUS
14/03/50,U,ข่าวหุ้น,คอลัมน์ สังคมข่าวหุ้น
13/03/50,U,ข่าวหุ้น,คอลัมน์ คุณค่าบริษัท: GLOW กำไรหรู(ชั่วคราว)
07/03/50,U,ข่าวหุ้น,คอลัมน์ คุณค่าบริษัท : HANA ศักยภาพเหลือล้น
02/03/50,U,ข่าวหุ้น,คอลัมน์ เจาะกระดาน: หวังสูงเกินไป?
21/02/50,U,ข่าวหุ้น,คอลัมน์ คุณค่าบริษัท: SF เสือนอนกิน
19/02/50,U,ข่าวหุ้น,โกลเบล็กฯ เตรียมยื่นเป็นสมาชิก TFEX
14/02/50,U,ข่าวหุ้น,เยินยอกองทุนสมุยเด่นที่สุด ริชาร์ดฯ มองฟันด์อื่นต่ำต้อย
12/02/50,U,ข่าวหุ้น,"""อนุพันธ์""วอลุ่มเริ่มกลับมา ยอดซื้อขาย 2,701 สัญญา"
08/02/50,U,ข่าวหุ้น,คอลัมน์ สัญญาณหุ้น
29/01/50,U,ข่าวหุ้น,"ตลาดซื้อ-ขายอนุพันธ์เริ่มเหงา สัญญาหดเหลือ 1,533 สัญญา"
15/01/50,U,ข่าวหุ้น,การซื้อขายอนุพันธ์ดีขึ้น จาก ธปท.ผ่อนปรนมาตรการ
15/01/50,U,ข่าวหุ้น,TFEX สรุปภาพรวม ปี 49
25/12/49,U,ข่าวหุ้น,"หุ้นป่วน ""อนุพันธ์"" รับทรัพย์ นักลงทุนเล็งเข้าตลาดเพิ่ม"
21/12/49,U,ข่าวหุ้น,TFEXเผยลูกค้าขาดทุนไม่มาก เซียนเรียกพี่ทำกำไรช่วงหุ้นตก
18/12/49,U,ข่าวหุ้น,"อนุพันธ์ปิด 1,253 สัญญา โบรกแนะปิดซี่รี่ Z เปิด H"
15/12/49,U,ข่าวหุ้น,เดือนพฤศจิกายน 2549 กระแสหุ้นเล็กมาแรง
12/12/49,U,ข่าวหุ้น,หุ้นแบงก์-พลังงานทำพิษ อนุพันธ์ยอดซื้อ-ขายหด
06/12/49,U,ข่าวหุ้น,PLE โล่งดีลดูไบลากูนมาตามนัด เซ็นสัญญาก่อสร้างกว่าหมื่นล้าน
04/12/49,U,ข่าวหุ้น,"""ฟิวเจอร์ส""7เดือนยอดเกินเป้า"
01/12/49,U,ข่าวหุ้น,คอลัมน์ คุณค่าบริษัท: MK ไม่ค่อยโดดเด่น
20/11/49,U,ข่าวหุ้น,"บล.ธนชาติ ตั้งเป้าปี"" 50 ขอส่วนแบ่งอนุพันธ์ 3%"
19/10/49,U,ข่าวหุ้น,คอลัมน์ คุณค่าบริษัท: MK กำไรลดตามภาวะ
18/10/49,U,ข่าวหุ้น,คอลัมน์ รายงานพิเศษ: ผู้ว่าแบงก์ขาติสตรีคนแรกของ...
13/10/49,U,ข่าวหุ้น,คอลัมน์ คุณค่าบริษัท: MCS รายได้โตก้าวกระโดด
12/10/49,U,ข่าวหุ้น,ปฏิทินธุรกิจ
11/10/49,U,ข่าวหุ้น,อุ๋ยดันธาริษาขึ้นผู้ว่าธปท. - ชงครม.17ต.ค. สานงานลดหนี้ครัว...
27/09/49,U,ข่าวหุ้น,อสังหาฯยอดขายQ4คึกคัก งานมหกรรมบ้านฯ ช่วยดึงกำลังซื้อกลับคืน
25/09/49,U,ข่าวหุ้น,คอลัมน์ วิเคราะห์ฟิวเจอร์สกับSSEC
25/09/49,U,ข่าวหุ้น,"""อนุพันธ์"" ส้มหล่มหลังหุ้นแกว่ง"
12/09/49,U,ข่าวหุ้น,คอลัมน์ FUNDAMENTAL FOCUS
04/09/49,U,ข่าวหุ้น,อ่อนตัวเข้าหาแนวรับ 470 จุด
10/08/49,U,ข่าวหุ้น,คอลัมน์ พลวัตปี 2006: โบโน่ กับ ฟอร์บส
01/08/49,U,ข่าวหุ้น,คอลัมน์ คุณค่าบริษัท : ITV อนาคตคลุมเครือ
25/07/49,U,ข่าวหุ้น,คอลัมน์ FUNDAMENTAL FOCUS
18/07/49,U,ข่าวหุ้น,FUNDAMENTAL FOCUS
12/07/49,U,ข่าวหุ้น,คอลัมน์ คุณค่าบริษัท : MCOT แกร่งเหลือคณา
03/07/49,U,ข่าวหุ้น,ชีวิตไม่ธรรมดา ของผู้ชายธรรมดา กัณฑรา ลดาวัลย์ ณ อยุธยา
03/07/49,U,ข่าวหุ้น,ปฏิทินธุรกิจ
21/06/49,U,ข่าวหุ้น,ภาพข่าว: เปิดตัววงดนตรีที่ชนะเลิศ
21/06/49,U,ข่าวหุ้น,โอละพ่อ!ทีจีส่งกระสุน ชี้แค่ปลอกสหรัฐผิดเอง
09/06/49,U,ข่าวหุ้น,ธอส.สะดุ้งNPLพุ่งพันล. - งัด6มาตรการช่วยลดภาระคนผ่อนบ้าน
08/06/49,U,ข่าวหุ้น,คอลัมน์ คุณค่าบริษัท: TICON ไม่แกร่งอย่างที่คิด
06/06/49,U,ข่าวหุ้น,คอลัมน์ คุณค่าบริษัท : MCOT เติบโตต่อเนื่อง
06/06/49,U,ข่าวหุ้น,ปตท.ช่วยชาติลดเอฟที แบกค่าก๊าซเพิ่ม2หมื่นล.
